Workbook

Sheet RCT
A1: Year | B1: =[1]RCT!C1 -> HasPvalue | C1: =[1]RCT!F1 -> Pvalue0.005 | D1: Percentage
A2: 1990 | B2: =[1]RCT!C2 -> 2135 | C2: =[1]RCT!F2 -> 933 | D2: =C2/B2*100 -> 43.700234
A3: 1991 | B3: =[1]RCT!C3 -> 2535 | C3: =[1]RCT!F3 -> 1140 | D3: =C3/B3*100 -> 44.970414
A4: =A2+2 -> 1992 | B4: =[1]RCT!C4 -> 2792 | C4: =[1]RCT!F4 -> 1274 | D4: =C4/B4*100 -> 45.630372
A5: =A3+2 -> 1993 | B5: =[1]RCT!C5 -> 3143 | C5: =[1]RCT!F5 -> 1485 | D5: =C5/B5*100 -> 47.247852
A6: =A4+2 -> 1994 | B6: =[1]RCT!C6 -> 3718 | C6: =[1]RCT!F6 -> 1698 | D6: =C6/B6*100 -> 45.669715
A7: =A5+2 -> 1995 | B7: =[1]RCT!C7 -> 4180 | C7: =[1]RCT!F7 -> 1969 | D7: =C7/B7*100 -> 47.105263
A8: =A6+2 -> 1996 | B8: =[1]RCT!C8 -> 4291 | C8: =[1]RCT!F8 -> 2128 | D8: =C8/B8*100 -> 49.59217
A9: =A7+2 -> 1997 | B9: =[1]RCT!C9 -> 4562 | C9: =[1]RCT!F9 -> 2274 | D9: =C9/B9*100 -> 49.846559
A10: =A8+2 -> 1998 | B10: =[1]RCT!C10 -> 4862 | C10: =[1]RCT!F10 -> 2383 | D10: =C10/B10*100 -> 49.012752
A11: =A9+2 -> 1999 | B11: =[1]RCT!C11 -> 5381 | C11: =[1]RCT!F11 -> 2789 | D11: =C11/B11*100 -> 51.830515
A12: =A10+2 -> 2000 | B12: =[1]RCT!C12 -> 5256 | C12: =[1]RCT!F12 -> 2731 | D12: =C12/B12*100 -> 51.959665
A13: =A11+2 -> 2001 | B13: =[1]RCT!C13 -> 5743 | C13: =[1]RCT!F13 -> 2882 | D13: =C13/B13*100 -> 50.182831
A14: =A12+2 -> 2002 | B14: =[1]RCT!C14 -> 6056 | C14: =[1]RCT!F14 -> 3068 | D14: =C14/B14*100 -> 50.660502
A15: =A13+2 -> 2003 | B15: =[1]RCT!C15 -> 6904 | C15: =[1]RCT!F15 -> 3479 | D15: =C15/B15*100 -> 50.391078
... A36: =A34+2 -> 2024 | B36: =[1]RCT!C36 -> 16344 | C36: =[1]RCT!F36 -> 8578 | D36: =C36/B36*100 -> 52.484092
A37: 2025 | B37: =[1]RCT!C37 -> 10371 | C37: =[1]RCT!F37 -> 5473 | D37: =C37/B37*100 -> 52.772153
A38: SUM | B38: =[1]RCT!C38 -> 360347 | C38: =[1]RCT!F38 -> 182535
A39: MAX | B39: =[1]RCT!C39 -> 17203 | C39: =[1]RCT!F39 -> 8728 | D39: =MAX(D2:D37) -> 52.772153
A40: MIN | B40: =[1]RCT!C40 -> 2135 | C40: =[1]RCT!F40 -> 933 | D40: =MIN(D2:D37) -> 43.700234

Sheet CT
A1: Year | B1: =[1]CT!C1 -> HasPvalue | C1: =[1]CT!F1 -> Pvalue0.005 | D1: Percentage
A2: 1990 | B2: =[1]CT!C2 -> 767 | C2: =[1]CT!F2 -> 381 | D2: =C2/B2*100 -> 49.674055
A3: 1991 | B3: =[1]CT!C3 -> 882 | C3: =[1]CT!F3 -> 465 | D3: =C3/B3*100 -> 52.721088
A4: =A2+2 -> 1992 | B4: =[1]CT!C4 -> 805 | C4: =[1]CT!F4 -> 413 | D4: =C4/B4*100 -> 51.304348
A5: =A3+2 -> 1993 | B5: =[1]CT!C5 -> 884 | C5: =[1]CT!F5 -> 467 | D5: =C5/B5*100 -> 52.828054
A6: =A4+2 -> 1994 | B6: =[1]CT!C6 -> 2194 | C6: =[1]CT!F6 -> 1132 | D6: =C6/B6*100 -> 51.59526
A7: =A5+2 -> 1995 | B7: =[1]CT!C7 -> 2332 | C7: =[1]CT!F7 -> 1222 | D7: =C7/B7*100 -> 52.401372
A8: =A6+2 -> 1996 | B8: =[1]CT!C8 -> 2296 | C8: =[1]CT!F8 -> 1212 | D8: =C8/B8*100 -> 52.787456
A9: =A7+2 -> 1997 | B9: =[1]CT!C9 -> 2633 | C9: =[1]CT!F9 -> 1418 | D9: =C9/B9*100 -> 53.854918
A10: =A8+2 -> 1998 | B10: =[1]CT!C10 -> 2743 | C10: =[1]CT!F10 -> 1475 | D10: =C10/B10*100 -> 53.773241
A11: =A9+2 -> 1999 | B11: =[1]CT!C11 -> 3158 | C11: =[1]CT!F11 -> 1755 | D11: =C11/B11*100 -> 55.573148
A12: =A10+2 -> 2000 | B12: =[1]CT!C12 -> 3218 | C12: =[1]CT!F12 -> 1852 | D12: =C12/B12*100 -> 57.551274
A13: =A11+2 -> 2001 | B13: =[1]CT!C13 -> 2665 | C13: =[1]CT!F13 -> 1490 | D13: =C13/B13*100 -> 55.909944
A14: =A12+2 -> 2002 | B14: =[1]CT!C14 -> 2894 | C14: =[1]CT!F14 -> 1615 | D14: =C14/B14*100 -> 55.805114
A15: =A13+2 -> 2003 | B15: =[1]CT!C15 -> 3655 | C15: =[1]CT!F15 -> 2043 | D15: =C15/B15*100 -> 55.896033
... A36: =A34+2 -> 2024 | B36: =[1]CT!C36 -> 1381 | C36: =[1]CT!F36 -> 809 | D36: =C36/B36*100 -> 58.580739
A37: 2025 | B37: =[1]CT!C37 -> 887 | C37: =[1]CT!F37 -> 535 | D37: =C37/B37*100 -> 60.315671
A38: SUM | B38: =[1]CT!C38 -> 111995 | C38: =[1]CT!F38 -> 63045
A39: MAX | B39: =[1]CT!C39 -> 5497 | C39: =[1]CT!F39 -> 3138 | D39: =MAX(D2:D37) -> 61.016949
A40: MIN | B40: =[1]CT!C40 -> 767 | C40: =[1]CT!F40 -> 381 | D40: =MIN(D2:D37) -> 49.674055

Sheet META
A1: Year | B1: =[1]META!C1 -> HasPvalue | C1: =[1]META!F1 -> Pvalue0.005 | D1: Percentage
A2: 1990 | B2: =[1]META!C2 -> 30 | C2: =[1]META!F2 -> 18 | D2: =C2/B2*100 -> 60
A3: 1991 | B3: =[1]META!C3 -> 37 | C3: =[1]META!F3 -> 20 | D3: =C3/B3*100 -> 54.054054
A4: =A2+2 -> 1992 | B4: =[1]META!C4 -> 44 | C4: =[1]META!F4 -> 30 | D4: =C4/B4*100 -> 68.181818
A5: =A3+2 -> 1993 | B5: =[1]META!C5 -> 61 | C5: =[1]META!F5 -> 36 | D5: =C5/B5*100 -> 59.016393
A6: =A4+2 -> 1994 | B6: =[1]META!C6 -> 65 | C6: =[1]META!F6 -> 42 | D6: =C6/B6*100 -> 64.615385
A7: =A5+2 -> 1995 | B7: =[1]META!C7 -> 90 | C7: =[1]META!F7 -> 51 | D7: =C7/B7*100 -> 56.666667
A8: =A6+2 -> 1996 | B8: =[1]META!C8 -> 96 | C8: =[1]META!F8 -> 51 | D8: =C8/B8*100 -> 53.125
A9: =A7+2 -> 1997 | B9: =[1]META!C9 -> 121 | C9: =[1]META!F9 -> 74 | D9: =C9/B9*100 -> 61.157025
A10: =A8+2 -> 1998 | B10: =[1]META!C10 -> 116 | C10: =[1]META!F10 -> 74 | D10: =C10/B10*100 -> 63.793103
A11: =A9+2 -> 1999 | B11: =[1]META!C11 -> 129 | C11: =[1]META!F11 -> 84 | D11: =C11/B11*100 -> 65.116279
A12: =A10+2 -> 2000 | B12: =[1]META!C12 -> 177 | C12: =[1]META!F12 -> 118 | D12: =C12/B12*100 -> 66.666667
A13: =A11+2 -> 2001 | B13: =[1]META!C13 -> 167 | C13: =[1]META!F13 -> 103 | D13: =C13/B13*100 -> 61.676647
A14: =A12+2 -> 2002 | B14: =[1]META!C14 -> 213 | C14: =[1]META!F14 -> 131 | D14: =C14/B14*100 -> 61.502347
A15: =A13+2 -> 2003 | B15: =[1]META!C15 -> 315 | C15: =[1]META!F15 -> 182 | D15: =C15/B15*100 -> 57.777778
... A36: =A34+2 -> 2024 | B36: =[1]META!C36 -> 9707 | C36: =[1]META!F36 -> 6140 | D36: =C36/B36*100 -> 63.253322
A37: 2025 | B37: =[1]META!C37 -> 6145 | C37: =[1]META!F37 -> 3805 | D37: =C37/B37*100 -> 61.92026
A38: SUM | B38: =[1]META!C38 -> 98544 | C38: =[1]META!F38 -> 63363
A39: MAX | B39: =[1]META!C39 -> 9707 | C39: =[1]META!F39 -> 6140 | D39: =MAX(D2:D37) -> 68.181818
A40: MIN | B40: =[1]META!C40 -> 30 | C40: =[1]META!F40 -> 18 | D40: =MIN(D2:D37) -> 53.125

Sheet REVIEW
A1: Year | B1: =[1]REVIEW!C1 -> HasPvalue | C1: =[1]REVIEW!F1 -> Pvalue0.005 | D1: Percentage
A2: 1990 | B2: =[1]REVIEW!C2 -> 186 | C2: =[1]REVIEW!F2 -> 96 | D2: =C2/B2*100 -> 51.612903
A3: 1991 | B3: =[1]REVIEW!C3 -> 207 | C3: =[1]REVIEW!F3 -> 115 | D3: =C3/B3*100 -> 55.555556
A4: =A2+2 -> 1992 | B4: =[1]REVIEW!C4 -> 230 | C4: =[1]REVIEW!F4 -> 127 | D4: =C4/B4*100 -> 55.217391
A5: =A3+2 -> 1993 | B5: =[1]REVIEW!C5 -> 217 | C5: =[1]REVIEW!F5 -> 108 | D5: =C5/B5*100 -> 49.769585
A6: =A4+2 -> 1994 | B6: =[1]REVIEW!C6 -> 217 | C6: =[1]REVIEW!F6 -> 121 | D6: =C6/B6*100 -> 55.760369
A7: =A5+2 -> 1995 | B7: =[1]REVIEW!C7 -> 269 | C7: =[1]REVIEW!F7 -> 145 | D7: =C7/B7*100 -> 53.903346
A8: =A6+2 -> 1996 | B8: =[1]REVIEW!C8 -> 320 | C8: =[1]REVIEW!F8 -> 174 | D8: =C8/B8*100 -> 54.375
A9: =A7+2 -> 1997 | B9: =[1]REVIEW!C9 -> 315 | C9: =[1]REVIEW!F9 -> 166 | D9: =C9/B9*100 -> 52.698413
A10: =A8+2 -> 1998 | B10: =[1]REVIEW!C10 -> 307 | C10: =[1]REVIEW!F10 -> 173 | D10: =C10/B10*100 -> 56.351792
A11: =A9+2 -> 1999 | B11: =[1]REVIEW!C11 -> 260 | C11: =[1]REVIEW!F11 -> 143 | D11: =C11/B11*100 -> 55
A12: =A10+2 -> 2000 | B12: =[1]REVIEW!C12 -> 294 | C12: =[1]REVIEW!F12 -> 160 | D12: =C12/B12*100 -> 54.421769
A13: =A11+2 -> 2001 | B13: =[1]REVIEW!C13 -> 311 | C13: =[1]REVIEW!F13 -> 163 | D13: =C13/B13*100 -> 52.411576
A14: =A12+2 -> 2002 | B14: =[1]REVIEW!C14 -> 346 | C14: =[1]REVIEW!F14 -> 189 | D14: =C14/B14*100 -> 54.624277
A15: =A13+2 -> 2003 | B15: =[1]REVIEW!C15 -> 508 | C15: =[1]REVIEW!F15 -> 272 | D15: =C15/B15*100 -> 53.543307
... A36: =A34+2 -> 2024 | B36: =[1]REVIEW!C36 -> 1750 | C36: =[1]REVIEW!F36 -> 992 | D36: =C36/B36*100 -> 56.685714
A37: 2025 | B37: =[1]REVIEW!C37 -> 851 | C37: =[1]REVIEW!F37 -> 445 | D37: =C37/B37*100 -> 52.291422
A38: SUM | B38: =[1]REVIEW!C38 -> 28569 | C38: =[1]REVIEW!F38 -> 15819
A39: MAX | B39: =[1]REVIEW!C39 -> 2540 | C39: =[1]REVIEW!F39 -> 1398 | D39: =MAX(D2:D37) -> 61.142061
A40: MIN | B40: =[1]REVIEW!C40 -> 186 | C40: =[1]REVIEW!F40 -> 96 | D40: =MIN(D2:D37) -> 49.769585

Sheet CCJ
A1: Year | B1: =[1]CCJ!C1 -> HasPvalue | C1: =[1]CCJ!F1 -> Pvalue0.005 | D1: Percentage
A2: 1990 | B2: =[1]CCJ!C2 -> 4503 | C2: =[1]CCJ!F2 -> 2480 | D2: =C2/B2*100 -> 55.074395
A3: 1991 | B3: =[1]CCJ!C3 -> 4900 | C3: =[1]CCJ!F3 -> 2733 | D3: =C3/B3*100 -> 55.77551
A4: =A2+2 -> 1992 | B4: =[1]CCJ!C4 -> 5473 | C4: =[1]CCJ!F4 -> 3090 | D4: =C4/B4*100 -> 56.45898
A5: =A3+2 -> 1993 | B5: =[1]CCJ!C5 -> 5802 | C5: =[1]CCJ!F5 -> 3319 | D5: =C5/B5*100 -> 57.204412
A6: =A4+2 -> 1994 | B6: =[1]CCJ!C6 -> 6408 | C6: =[1]CCJ!F6 -> 3683 | D6: =C6/B6*100 -> 57.475031
A7: =A5+2 -> 1995 | B7: =[1]CCJ!C7 -> 6698 | C7: =[1]CCJ!F7 -> 3848 | D7: =C7/B7*100 -> 57.449985
A8: =A6+2 -> 1996 | B8: =[1]CCJ!C8 -> 6886 | C8: =[1]CCJ!F8 -> 3944 | D8: =C8/B8*100 -> 57.275632
A9: =A7+2 -> 1997 | B9: =[1]CCJ!C9 -> 7125 | C9: =[1]CCJ!F9 -> 4172 | D9: =C9/B9*100 -> 58.554386
A10: =A8+2 -> 1998 | B10: =[1]CCJ!C10 -> 7134 | C10: =[1]CCJ!F10 -> 4242 | D10: =C10/B10*100 -> 59.461733
A11: =A9+2 -> 1999 | B11: =[1]CCJ!C11 -> 7423 | C11: =[1]CCJ!F11 -> 4548 | D11: =C11/B11*100 -> 61.269029
A12: =A10+2 -> 2000 | B12: =[1]CCJ!C12 -> 7321 | C12: =[1]CCJ!F12 -> 4654 | D12: =C12/B12*100 -> 63.57055
A13: =A11+2 -> 2001 | B13: =[1]CCJ!C13 -> 7523 | C13: =[1]CCJ!F13 -> 4608 | D13: =C13/B13*100 -> 61.25216
A14: =A12+2 -> 2002 | B14: =[1]CCJ!C14 -> 7894 | C14: =[1]CCJ!F14 -> 4814 | D14: =C14/B14*100 -> 60.983025
A15: =A13+2 -> 2003 | B15: =[1]CCJ!C15 -> 8293 | C15: =[1]CCJ!F15 -> 5108 | D15: =C15/B15*100 -> 61.594116
... A36: =A34+2 -> 2024 | B36: =[1]CCJ!C36 -> 10256 | C36: =[1]CCJ!F36 -> 6557 | D36: =C36/B36*100 -> 63.933307
A37: 2025 | B37: =[1]CCJ!C37 -> 6713 | C37: =[1]CCJ!F37 -> 4276 | D37: =C37/B37*100 -> 63.697304
A38: SUM | B38: =[1]CCJ!C38 -> 330223 | C38: =[1]CCJ!F38 -> 207777
A39: MAX | B39: =[1]CCJ!C39 -> 12981 | C39: =[1]CCJ!F39 -> 8558 | D39: =MAX(D2:D37) -> 65.927124
A40: MIN | B40: =[1]CCJ!C40 -> 4503 | C40: =[1]CCJ!F40 -> 2480 | D40: =MIN(D2:D37) -> 55.074395

Sheet ALL
A1: Year | B1: =[1]ALL!C1 -> HasPvalue | C1: =[1]ALL!F1 -> Pvalue0.005 | D1: Percentage
A2: 1990 | B2: =[1]ALL!C2 -> 21384 | C2: =[1]ALL!F2 -> 10359 | D2: =C2/B2*100 -> 48.442761
A3: 1991 | B3: =[1]ALL!C3 -> 23325 | C3: =[1]ALL!F3 -> 11273 | D3: =C3/B3*100 -> 48.330118
A4: =A2+2 -> 1992 | B4: =[1]ALL!C4 -> 25741 | C4: =[1]ALL!F4 -> 12661 | D4: =C4/B4*100 -> 49.186123
A5: =A3+2 -> 1993 | B5: =[1]ALL!C5 -> 27993 | C5: =[1]ALL!F5 -> 14023 | D5: =C5/B5*100 -> 50.094667
A6: =A4+2 -> 1994 | B6: =[1]ALL!C6 -> 30332 | C6: =[1]ALL!F6 -> 15265 | D6: =C6/B6*100 -> 50.326388
A7: =A5+2 -> 1995 | B7: =[1]ALL!C7 -> 32855 | C7: =[1]ALL!F7 -> 16566 | D7: =C7/B7*100 -> 50.421549
A8: =A6+2 -> 1996 | B8: =[1]ALL!C8 -> 35311 | C8: =[1]ALL!F8 -> 18073 | D8: =C8/B8*100 -> 51.182351
A9: =A7+2 -> 1997 | B9: =[1]ALL!C9 -> 37524 | C9: =[1]ALL!F9 -> 19497 | D9: =C9/B9*100 -> 51.958746
A10: =A8+2 -> 1998 | B10: =[1]ALL!C10 -> 39562 | C10: =[1]ALL!F10 -> 20577 | D10: =C10/B10*100 -> 52.012032
A11: =A9+2 -> 1999 | B11: =[1]ALL!C11 -> 42202 | C11: =[1]ALL!F11 -> 22609 | D11: =C11/B11*100 -> 53.57329
A12: =A10+2 -> 2000 | B12: =[1]ALL!C12 -> 44030 | C12: =[1]ALL!F12 -> 23911 | D12: =C12/B12*100 -> 54.306155
A13: =A11+2 -> 2001 | B13: =[1]ALL!C13 -> 47044 | C13: =[1]ALL!F13 -> 24644 | D13: =C13/B13*100 -> 52.385001
A14: =A12+2 -> 2002 | B14: =[1]ALL!C14 -> 50572 | C14: =[1]ALL!F14 -> 26451 | D14: =C14/B14*100 -> 52.303646
A15: =A13+2 -> 2003 | B15: =[1]ALL!C15 -> 56386 | C15: =[1]ALL!F15 -> 29341 | D15: =C15/B15*100 -> 52.035966
... A36: =A34+2 -> 2024 | B36: =[1]ALL!C36 -> 187769 | C36: =[1]ALL!F36 -> 107547 | D36: =C36/B36*100 -> 57.276228
A37: 2025 | B37: =[1]ALL!C37 -> 128978 | C37: =[1]ALL!F37 -> 74614 | D37: =C37/B37*100 -> 57.850176
A38: SUM | B38: =[1]ALL!C38 -> 3584075 | C38: =[1]ALL!F38 -> 1973638
A39: MAX | B39: =[1]ALL!C39 -> 211128 | C39: =[1]ALL!F39 -> 121168 | D39: =MAX(D2:D37) -> 57.850176
A40: MIN | B40: =[1]ALL!C40 -> 21384 | C40: =[1]ALL!F40 -> 10359 | D40: =MIN(D2:D37) -> 48.330118

Sheet OBS
A1: Year | B1: =[1]OBS!C1 -> HasPvalue | C1: =[1]OBS!F1 -> Pvalue0.005 | D1: Percentage
A2: 1990 | B2: =[1]OBS!C2 -> 0 | C2: =[1]OBS!F2 -> 0 | D2: =C2/B2*100 -> #DIV/0!
A3: =A2+1 -> 1991 | B3: =[1]OBS!C3 -> 0 | C3: =[1]OBS!F3 -> 0 | D3: =C3/B3*100 -> #DIV/0!
A4: =A3+1 -> 1992 | B4: =[1]OBS!C4 -> 0 | C4: =[1]OBS!F4 -> 0 | D4: =C4/B4*100 -> #DIV/0!
A5: =A4+1 -> 1993 | B5: =[1]OBS!C5 -> 0 | C5: =[1]OBS!F5 -> 0 | D5: =C5/B5*100 -> #DIV/0!
A6: =A5+1 -> 1994 | B6: =[1]OBS!C6 -> 0 | C6: =[1]OBS!F6 -> 0 | D6: =C6/B6*100 -> #DIV/0!
A7: =A6+1 -> 1995 | B7: =[1]OBS!C7 -> 0 | C7: =[1]OBS!F7 -> 0 | D7: =C7/B7*100 -> #DIV/0!
A8: =A7+1 -> 1996 | B8: =[1]OBS!C8 -> 0 | C8: =[1]OBS!F8 -> 0 | D8: =C8/B8*100 -> #DIV/0!
A9: =A8+1 -> 1997 | B9: =[1]OBS!C9 -> 0 | C9: =[1]OBS!F9 -> 0 | D9: =C9/B9*100 -> #DIV/0!
A10: =A9+1 -> 1998 | B10: =[1]OBS!C10 -> 0 | C10: =[1]OBS!F10 -> 0 | D10: =C10/B10*100 -> #DIV/0!
A11: =A10+1 -> 1999 | B11: =[1]OBS!C11 -> 0 | C11: =[1]OBS!F11 -> 0 | D11: =C11/B11*100 -> #DIV/0!
A12: =A11+1 -> 2000 | B12: =[1]OBS!C12 -> 0 | C12: =[1]OBS!F12 -> 0 | D12: =C12/B12*100 -> #DIV/0!
A13: =A12+1 -> 2001 | B13: =[1]OBS!C13 -> 0 | C13: =[1]OBS!F13 -> 0 | D13: =C13/B13*100 -> #DIV/0!
A14: =A13+1 -> 2002 | B14: =[1]OBS!C14 -> 1 | C14: =[1]OBS!F14 -> 1 | D14: =C14/B14*100 -> 100
... A37: =A36+1 -> 2025 | B37: =[1]OBS!C37 -> 7344 | C37: =[1]OBS!F37 -> 4731 | D37: =C37/B37*100 -> 64.419935
A38: SUM | B38: =[1]OBS!C38 -> 107193 | C38: =[1]OBS!F38 -> 68826 | D38: =C38/B38*100 -> 64.207551
A39: MAX | B39: =[1]OBS!C39 -> 11186 | C39: =[1]OBS!F39 -> 7264 | D39: =C39/B39*100 -> 64.938316
A40: MIN | B40: =[1]OBS!C40 -> 0 | C40: =[1]OBS!F40 -> 0 | D40: =C40/B40*100 -> #DIV/0!

Sheet SYSREV
A1: Year | B1: =[1]SYSREV!C1 -> HasPvalue | C1: =[1]SYSREV!F1 -> Pvalue0.005 | D1: Percentage
A2: 1990 | B2: =[1]SYSREV!C2 -> 0 | C2: =[1]SYSREV!F2 -> 0 | D2: =C2/B2*100 -> #DIV/0!
A3: =A2+1 -> 1991 | B3: =[1]SYSREV!C3 -> 0 | C3: =[1]SYSREV!F3 -> 0 | D3: =C3/B3*100 -> #DIV/0!
A4: =A3+1 -> 1992 | B4: =[1]SYSREV!C4 -> 0 | C4: =[1]SYSREV!F4 -> 0 | D4: =C4/B4*100 -> #DIV/0!
A5: =A4+1 -> 1993 | B5: =[1]SYSREV!C5 -> 0 | C5: =[1]SYSREV!F5 -> 0 | D5: =C5/B5*100 -> #DIV/0!
A6: =A5+1 -> 1994 | B6: =[1]SYSREV!C6 -> 0 | C6: =[1]SYSREV!F6 -> 0 | D6: =C6/B6*100 -> #DIV/0!
A7: =A6+1 -> 1995 | B7: =[1]SYSREV!C7 -> 3 | C7: =[1]SYSREV!F7 -> 2 | D7: =C7/B7*100 -> 66.666667
A8: =A7+1 -> 1996 | B8: =[1]SYSREV!C8 -> 4 | C8: =[1]SYSREV!F8 -> 3 | D8: =C8/B8*100 -> 75
A9: =A8+1 -> 1997 | B9: =[1]SYSREV!C9 -> 9 | C9: =[1]SYSREV!F9 -> 4 | D9: =C9/B9*100 -> 44.444444
A10: =A9+1 -> 1998 | B10: =[1]SYSREV!C10 -> 8 | C10: =[1]SYSREV!F10 -> 5 | D10: =C10/B10*100 -> 62.5
A11: =A10+1 -> 1999 | B11: =[1]SYSREV!C11 -> 17 | C11: =[1]SYSREV!F11 -> 7 | D11: =C11/B11*100 -> 41.176471
A12: =A11+1 -> 2000 | B12: =[1]SYSREV!C12 -> 74 | C12: =[1]SYSREV!F12 -> 41 | D12: =C12/B12*100 -> 55.405405
A13: =A12+1 -> 2001 | B13: =[1]SYSREV!C13 -> 70 | C13: =[1]SYSREV!F13 -> 31 | D13: =C13/B13*100 -> 44.285714
A14: =A13+1 -> 2002 | B14: =[1]SYSREV!C14 -> 92 | C14: =[1]SYSREV!F14 -> 60 | D14: =C14/B14*100 -> 65.217391
... A37: =A36+1 -> 2025 | B37: =[1]SYSREV!C37 -> 6346 | C37: =[1]SYSREV!F37 -> 3880 | D37: =C37/B37*100 -> 61.140876
A38: SUM | B38: =[1]SYSREV!C38 -> 71913 | C38: =[1]SYSREV!F38 -> 45380 | D38: =C38/B38*100 -> 63.104028
A39: MAX | B39: =[1]SYSREV!C39 -> 8563 | C39: =[1]SYSREV!F39 -> 5331 | D39: =C39/B39*100 -> 62.256219
A40: MIN | B40: =[1]SYSREV!C40 -> 0 | C40: =[1]SYSREV!F40 -> 0 | D40: =C40/B40*100 -> #DIV/0!

Sheet aggregate
A1: Year | B1: Randomized controlled trial | C1: Clinical trial | D1: Meta-analysis | E1: Review | F1: Core clinical journal | G1: All MEDLINE | I1: {=TRANSPOSE(A1:G40)} -> Year | J1: 1990 | K1: 1991 | L1: 1992 | M1: 1993 | N1: 1994 | O1: 1995 | P1: 1996 | Q1: 1997 | R1: 1998 | S1: 1999 | T1: 2000 | U1: 2001 | V1: 2002 | W1: 2003 | X1: 2004 | Y1: 2005 | Z1: 2006 | AA1: 2007 | AB1: 2008 | AC1: 2009 | AD1: 2010 | AE1: 2011 | AF1: 2012 | AG1: 2013 | AH1: 2014 | AI1: 2015 | AJ1: 2016 | AK1: 2017 | AL1: 2018 | AM1: 2019 | AN1: 2020 | AO1: 2021 | AP1: 2022 | AQ1: 2023 | AR1: 2024 | AS1: 2025
A2: 1990 | B2: =RCT!D2 -> 43.700234 | C2: =CT!D2 -> 49.674055 | D2: =META!D2 -> 60 | E2: =REVIEW!D2 -> 51.612903 | F2: =CCJ!D2 -> 55.074395 | G2: =ALL!D2 -> 48.442761 | I2: Randomized controlled trial | J2: 43.700234 | K2: 44.970414 | L2: 45.630372 | M2: 47.247852 | N2: 45.669715 | O2: 47.105263 | P2: 49.59217 | Q2: 49.846559 | R2: 49.012752 | S2: 51.830515 | T2: 51.959665 | U2: 50.182831 | V2: 50.660502 | W2: 50.391078 | X2: 50.576052 | Y2: 50.454122 | Z2: 49.874221 | AA2: 50.169695 | AB2: 51.067718 | AC2: 50.36411 | AD2: 49.605776 | AE2: 50.954369 | AF2: 50.965513 | AG2: 50.675373 | AH2: 50.580017 | AI2: 50.866444 | AJ2: 51.276473 | AK2: 50.869731 | AL2: 51.115883 | AM2: 51.419805 | AN2: 50.951005 | AO2: 50.735337 | AP2: 50.67813 | AQ2: 51.980063 | AR2: 52.484092 | AS2: 52.772153
A3: 1991 | B3: =RCT!D3 -> 44.970414 | C3: =CT!D3 -> 52.721088 | D3: =META!D3 -> 54.054054 | E3: =REVIEW!D3 -> 55.555556 | F3: =CCJ!D3 -> 55.77551 | G3: =ALL!D3 -> 48.330118 | I3: Clinical trial | J3: 49.674055 | K3: 52.721088 | L3: 51.304348 | M3: 52.828054 | N3: 51.59526 | O3: 52.401372 | P3: 52.787456 | Q3: 53.854918 | R3: 53.773241 | S3: 55.573148 | T3: 57.551274 | U3: 55.909944 | V3: 55.805114 | W3: 55.896033 | X3: 54.798367 | Y3: 55.261371 | Z3: 56.004756 | AA3: 55.714627 | AB3: 55.166286 | AC3: 56.251645 | AD3: 55.051391 | AE3: 55.340224 | AF3: 55.566387 | AG3: 57.085683 | AH3: 57.843329 | AI3: 58.87455 | AJ3: 58.315072 | AK3: 57.782405 | AL3: 58.520648 | AM3: 58.48957 | AN3: 58.589268 | AO3: 58.712943 | AP3: 61.016949 | AQ3: 59.017376 | AR3: 58.580739 | AS3: 60.315671
A4: =A2+2 -> 1992 | B4: =RCT!D4 -> 45.630372 | C4: =CT!D4 -> 51.304348 | D4: =META!D4 -> 68.181818 | E4: =REVIEW!D4 -> 55.217391 | F4: =CCJ!D4 -> 56.45898 | G4: =ALL!D4 -> 49.186123 | I4: Meta-analysis | J4: 60 | K4: 54.054054 | L4: 68.181818 | M4: 59.016393 | N4: 64.615385 | O4: 56.666667 | P4: 53.125 | Q4: 61.157025 | R4: 63.793103 | S4: 65.116279 | T4: 66.666667 | U4: 61.676647 | V4: 61.502347 | W4: 57.777778 | X4: 59.248555 | Y4: 63.157895 | Z4: 59.454855 | AA4: 64.886515 | AB4: 64.759725 | AC4: 64.588979 | AD4: 62.620027 | AE4: 63.461538 | AF4: 63.522013 | AG4: 65.168539 | AH4: 64.913935 | AI4: 64.673128 | AJ4: 66.772718 | AK4: 65.966464 | AL4: 64.117446 | AM4: 64.798275 | AN4: 65.153453 | AO4: 64.65957 | AP4: 64.348291 | AQ4: 64.166942 | AR4: 63.253322 | AS4: 61.92026
A5: =A3+2 -> 1993 | B5: =RCT!D5 -> 47.247852 | C5: =CT!D5 -> 52.828054 | D5: =META!D5 -> 59.016393 | E5: =REVIEW!D5 -> 49.769585 | F5: =CCJ!D5 -> 57.204412 | G5: =ALL!D5 -> 50.094667 | I5: Review | J5: 51.612903 | K5: 55.555556 | L5: 55.217391 | M5: 49.769585 | N5: 55.760369 | O5: 53.903346 | P5: 54.375 | Q5: 52.698413 | R5: 56.351792 | S5: 55 | T5: 54.421769 | U5: 52.411576 | V5: 54.624277 | W5: 53.543307 | X5: 56.742557 | Y5: 59.578947 | Z5: 57.305936 | AA5: 56.2249 | AB5: 58.248473 | AC5: 55.882353 | AD5: 59.968354 | AE5: 61.142061 | AF5: 58.412322 | AG5: 56.127703 | AH5: 55.273438 | AI5: 56.828194 | AJ5: 56.992724 | AK5: 54.6042 | AL5: 54.136546 | AM5: 54.656489 | AN5: 51.65109 | AO5: 51.857355 | AP5: 55.03937 | AQ5: 56.827473 | AR5: 56.685714 | AS5: 52.291422
A6: =A4+2 -> 1994 | B6: =RCT!D6 -> 45.669715 | C6: =CT!D6 -> 51.59526 | D6: =META!D6 -> 64.615385 | E6: =REVIEW!D6 -> 55.760369 | F6: =CCJ!D6 -> 57.475031 | G6: =ALL!D6 -> 50.326388 | I6: Core clinical journal | J6: 55.074395 | K6: 55.77551 | L6: 56.45898 | M6: 57.204412 | N6: 57.475031 | O6: 57.449985 | P6: 57.275632 | Q6: 58.554386 | R6: 59.461733 | S6: 61.269029 | T6: 63.57055 | U6: 61.25216 | V6: 60.983025 | W6: 61.594116 | X6: 62.324145 | Y6: 63.350059 | Z6: 62.605456 | AA6: 63.859574 | AB6: 63.948951 | AC6: 62.904777 | AD6: 64.179253 | AE6: 64.57181 | AF6: 65.353069 | AG6: 64.894348 | AH6: 65.062657 | AI6: 65.826197 | AJ6: 65.927124 | AK6: 64.266018 | AL6: 64.159549 | AM6: 64.983961 | AN6: 64.284022 | AO6: 64.861211 | AP6: 64.801628 | AQ6: 64.899384 | AR6: 63.933307 | AS6: 63.697304
A7: =A5+2 -> 1995 | B7: =RCT!D7 -> 47.105263 | C7: =CT!D7 -> 52.401372 | D7: =META!D7 -> 56.666667 | E7: =REVIEW!D7 -> 53.903346 | F7: =CCJ!D7 -> 57.449985 | G7: =ALL!D7 -> 50.421549 | I7: All MEDLINE | J7: 48.442761 | K7: 48.330118 | L7: 49.186123 | M7: 50.094667 | N7: 50.326388 | O7: 50.421549 | P7: 51.182351 | Q7: 51.958746 | R7: 52.012032 | S7: 53.57329 | T7: 54.306155 | U7: 52.385001 | V7: 52.303646 | W7: 52.035966 | X7: 52.3215 | Y7: 52.50783 | Z7: 52.890092 | AA7: 53.43077 | AB7: 53.355071 | AC7: 53.44791 | AD7: 53.512663 | AE7: 54.046429 | AF7: 54.20531 | AG7: 54.841202 | AH7: 55.430075 | AI7: 55.72259 | AJ7: 56.111373 | AK7: 55.908217 | AL7: 55.856937 | AM7: 56.22032 | AN7: 56.685378 | AO7: 57.390777 | AP7: 56.978351 | AQ7: 57.570232 | AR7: 57.276228 | AS7: 57.850176
A8: =A6+2 -> 1996 | B8: =RCT!D8 -> 49.59217 | C8: =CT!D8 -> 52.787456 | D8: =META!D8 -> 53.125 | E8: =REVIEW!D8 -> 54.375 | F8: =CCJ!D8 -> 57.275632 | G8: =ALL!D8 -> 51.182351
A9: =A7+2 -> 1997 | B9: =RCT!D9 -> 49.846559 | C9: =CT!D9 -> 53.854918 | D9: =META!D9 -> 61.157025 | E9: =REVIEW!D9 -> 52.698413 | F9: =CCJ!D9 -> 58.554386 | G9: =ALL!D9 -> 51.958746
A10: =A8+2 -> 1998 | B10: =RCT!D10 -> 49.012752 | C10: =CT!D10 -> 53.773241 | D10: =META!D10 -> 63.793103 | E10: =REVIEW!D10 -> 56.351792 | F10: =CCJ!D10 -> 59.461733 | G10: =ALL!D10 -> 52.012032
A11: =A9+2 -> 1999 | B11: =RCT!D11 -> 51.830515 | C11: =CT!D11 -> 55.573148 | D11: =META!D11 -> 65.116279 | E11: =REVIEW!D11 -> 55 | F11: =CCJ!D11 -> 61.269029 | G11: =ALL!D11 -> 53.57329
A12: =A10+2 -> 2000 | B12: =RCT!D12 -> 51.959665 | C12: =CT!D12 -> 57.551274 | D12: =META!D12 -> 66.666667 | E12: =REVIEW!D12 -> 54.421769 | F12: =CCJ!D12 -> 63.57055 | G12: =ALL!D12 -> 54.306155
A13: =A11+2 -> 2001 | B13: =RCT!D13 -> 50.182831 | C13: =CT!D13 -> 55.909944 | D13: =META!D13 -> 61.676647 | E13: =REVIEW!D13 -> 52.411576 | F13: =CCJ!D13 -> 61.25216 | G13: =ALL!D13 -> 52.385001
A14: =A12+2 -> 2002 | B14: =RCT!D14 -> 50.660502 | C14: =CT!D14 -> 55.805114 | D14: =META!D14 -> 61.502347 | E14: =REVIEW!D14 -> 54.624277 | F14: =CCJ!D14 -> 60.983025 | G14: =ALL!D14 -> 52.303646
A15: =A13+2 -> 2003 | B15: =RCT!D15 -> 50.391078 | C15: =CT!D15 -> 55.896033 | D15: =META!D15 -> 57.777778 | E15: =REVIEW!D15 -> 53.543307 | F15: =CCJ!D15 -> 61.594116 | G15: =ALL!D15 -> 52.035966
A16: =A14+2 -> 2004 | B16: =RCT!D16 -> 50.576052 | C16: =CT!D16 -> 54.798367 | D16: =META!D16 -> 59.248555 | E16: =REVIEW!D16 -> 56.742557 | F16: =CCJ!D16 -> 62.324145 | G16: =ALL!D16 -> 52.3215
A17: =A15+2 -> 2005 | B17: =RCT!D17 -> 50.454122 | C17: =CT!D17 -> 55.261371 | D17: =META!D17 -> 63.157895 | E17: =REVIEW!D17 -> 59.578947 | F17: =CCJ!D17 -> 63.350059 | G17: =ALL!D17 -> 52.50783
A18: =A16+2 -> 2006 | B18: =RCT!D18 -> 49.874221 | C18: =CT!D18 -> 56.004756 | D18: =META!D18 -> 59.454855 | E18: =REVIEW!D18 -> 57.305936 | F18: =CCJ!D18 -> 62.605456 | G18: =ALL!D18 -> 52.890092
A19: =A17+2 -> 2007 | B19: =RCT!D19 -> 50.169695 | C19: =CT!D19 -> 55.714627 | D19: =META!D19 -> 64.886515 | E19: =REVIEW!D19 -> 56.2249 | F19: =CCJ!D19 -> 63.859574 | G19: =ALL!D19 -> 53.43077
... A36: =A34+2 -> 2024 | B36: =RCT!D36 -> 52.484092 | C36: =CT!D36 -> 58.580739 | D36: =META!D36 -> 63.253322 | E36: =REVIEW!D36 -> 56.685714 | F36: =CCJ!D36 -> 63.933307 | G36: =ALL!D36 -> 57.276228
A37: 2025 | B37: =RCT!D37 -> 52.772153 | C37: =CT!D37 -> 60.315671 | D37: =META!D37 -> 61.92026 | E37: =REVIEW!D37 -> 52.291422 | F37: =CCJ!D37 -> 63.697304 | G37: =ALL!D37 -> 57.850176
A38: SUM | B38: =RCT!D38 -> 0 | C38: =CT!D38 -> 0 | D38: =META!D38 -> 0 | E38: =REVIEW!D38 -> 0 | F38: =CCJ!D38 -> 0 | G38: =ALL!D38 -> 0
A39: MAX | B39: =RCT!D39 -> 52.772153 | C39: =CT!D39 -> 61.016949 | D39: =META!D39 -> 68.181818 | E39: =REVIEW!D39 -> 61.142061 | F39: =CCJ!D39 -> 65.927124 | G39: =ALL!D39 -> 57.850176
A40: MIN | B40: =RCT!D40 -> 43.700234 | C40: =CT!D40 -> 49.674055 | D40: =META!D40 -> 53.125 | E40: =REVIEW!D40 -> 49.769585 | F40: =CCJ!D40 -> 55.074395 | G40: =ALL!D40 -> 48.330118

Sheet Sheet1
I1: =NEWagg!K1 -> Year | J1: =NEWagg!L1 -> 1990 | K1: =NEWagg!M1 -> 1991 | L1: =NEWagg!N1 -> 1992 | M1: =NEWagg!O1 -> 1993 | N1: =NEWagg!P1 -> 1994 | O1: =NEWagg!Q1 -> 1995 | P1: =NEWagg!R1 -> 1996 | ... AS1: =NEWagg!AU1 -> 2025
I2: =NEWagg!K2 -> Randomized controlled trial | J2: =NEWagg!L2 -> 43.700234 | K2: =NEWagg!M2 -> 44.970414 | L2: =NEWagg!N2 -> 45.630372 | M2: =NEWagg!O2 -> 47.247852 | N2: =NEWagg!P2 -> 45.669715 | O2: =NEWagg!Q2 -> 47.105263 | P2: =NEWagg!R2 -> 49.59217 | ... AS2: =NEWagg!AU2 -> 52.772153
I3: =NEWagg!K3 -> Clinical trial | J3: =NEWagg!L3 -> 49.674055 | K3: =NEWagg!M3 -> 52.721088 | L3: =NEWagg!N3 -> 51.304348 | M3: =NEWagg!O3 -> 52.828054 | N3: =NEWagg!P3 -> 51.59526 | O3: =NEWagg!Q3 -> 52.401372 | P3: =NEWagg!R3 -> 52.787456 | ... AS3: =NEWagg!AU3 -> 60.315671
I4: =NEWagg!K4 -> Meta-analysis | J4: =NEWagg!L4 -> 60 | K4: =NEWagg!M4 -> 54.054054 | L4: =NEWagg!N4 -> 68.181818 | M4: =NEWagg!O4 -> 59.016393 | N4: =NEWagg!P4 -> 64.615385 | O4: =NEWagg!Q4 -> 56.666667 | P4: =NEWagg!R4 -> 53.125 | ... AS4: =NEWagg!AU4 -> 61.92026
I5: =NEWagg!K5 -> Review | J5: =NEWagg!L5 -> 51.612903 | K5: =NEWagg!M5 -> 55.555556 | L5: =NEWagg!N5 -> 55.217391 | M5: =NEWagg!O5 -> 49.769585 | N5: =NEWagg!P5 -> 55.760369 | O5: =NEWagg!Q5 -> 53.903346 | P5: =NEWagg!R5 -> 54.375 | ... AS5: =NEWagg!AU5 -> 52.291422
I6: =NEWagg!K6 -> Core clinical journal | J6: =NEWagg!L6 -> 55.074395 | K6: =NEWagg!M6 -> 55.77551 | L6: =NEWagg!N6 -> 56.45898 | M6: =NEWagg!O6 -> 57.204412 | N6: =NEWagg!P6 -> 57.475031 | O6: =NEWagg!Q6 -> 57.449985 | P6: =NEWagg!R6 -> 57.275632 | ... AS6: =NEWagg!AU6 -> 63.697304
I7: =NEWagg!K7 -> All MEDLINE | J7: =NEWagg!L7 -> 48.442761 | K7: =NEWagg!M7 -> 48.330118 | L7: =NEWagg!N7 -> 49.186123 | M7: =NEWagg!O7 -> 50.094667 | N7: =NEWagg!P7 -> 50.326388 | O7: =NEWagg!Q7 -> 50.421549 | P7: =NEWagg!R7 -> 51.182351 | ... AS7: =NEWagg!AU7 -> 57.850176
I8: =NEWagg!K8 -> Observational study | AF8: =NEWagg!AH8 -> 68.686869 | AG8: =NEWagg!AI8 -> 64.158488 | AH8: =NEWagg!AJ8 -> 65.087502 | AI8: =NEWagg!AK8 -> 64.391223 | AJ8: =NEWagg!AL8 -> 65.012788 | AK8: =NEWagg!AM8 -> 64.718944 | AL8: =NEWagg!AN8 -> 63.658825 | AM8: =NEWagg!AO8 -> 63.402317 | ... AS8: =NEWagg!AU8 -> 64.419935
I9: =NEWagg!K9 -> Systematic review | W9: =NEWagg!Y9 -> 60.294118 | X9: =NEWagg!Z9 -> 53.529412 | Y9: =NEWagg!AA9 -> 63.207547 | Z9: =NEWagg!AB9 -> 55.390335 | AA9: =NEWagg!AC9 -> 61.096606 | AB9: =NEWagg!AD9 -> 61.96868 | AC9: =NEWagg!AE9 -> 59.683099 | AD9: =NEWagg!AF9 -> 60.724234 | ... AS9: =NEWagg!AU9 -> 61.140876
W12: HasPvalue same or lower than n=100 excluded

Sheet NEWagg
A1: Year | B1: Randomized controlled trial | C1: Clinical trial | D1: Meta-analysis | E1: Review | F1: Core clinical journal | G1: All MEDLINE | H1: Observational study | I1: Systematic review | K1: {=TRANSPOSE(A1:I37)} -> Year | L1: 1990 | M1: 1991 | N1: 1992 | O1: 1993 | P1: 1994 | Q1: 1995 | R1: 1996 | S1: 1997 | T1: 1998 | U1: 1999 | V1: 2000 | W1: 2001 | X1: 2002 | Y1: 2003 | Z1: 2004 | AA1: 2005 | AB1: 2006 | AC1: 2007 | AD1: 2008 | AE1: 2009 | AF1: 2010 | AG1: 2011 | AH1: 2012 | AI1: 2013 | AJ1: 2014 | AK1: 2015 | AL1: 2016 | AM1: 2017 | AN1: 2018 | AO1: 2019 | AP1: 2020 | AQ1: 2021 | AR1: 2022 | AS1: 2023 | AT1: 2024 | AU1: 2025
A2: 1990 | B2: =RCT!D2 -> 43.700234 | C2: =CT!D2 -> 49.674055 | D2: =META!D2 -> 60 | E2: =REVIEW!D2 -> 51.612903 | F2: =CCJ!D2 -> 55.074395 | G2: =ALL!D2 -> 48.442761 | H2: =OBS!D2 -> #DIV/0! | I2: =SYSREV!D2 -> #DIV/0! | K2: Randomized controlled trial | L2: 43.700234 | M2: 44.970414 | N2: 45.630372 | O2: 47.247852 | P2: 45.669715 | Q2: 47.105263 | R2: 49.59217 | S2: 49.846559 | T2: 49.012752 | U2: 51.830515 | V2: 51.959665 | W2: 50.182831 | X2: 50.660502 | Y2: 50.391078 | Z2: 50.576052 | AA2: 50.454122 | AB2: 49.874221 | AC2: 50.169695 | AD2: 51.067718 | AE2: 50.36411 | AF2: 49.605776 | AG2: 50.954369 | AH2: 50.965513 | AI2: 50.675373 | AJ2: 50.580017 | AK2: 50.866444 | AL2: 51.276473 | AM2: 50.869731 | AN2: 51.115883 | AO2: 51.419805 | AP2: 50.951005 | AQ2: 50.735337 | AR2: 50.67813 | AS2: 51.980063 | AT2: 52.484092 | AU2: 52.772153
A3: 1991 | B3: =RCT!D3 -> 44.970414 | C3: =CT!D3 -> 52.721088 | D3: =META!D3 -> 54.054054 | E3: =REVIEW!D3 -> 55.555556 | F3: =CCJ!D3 -> 55.77551 | G3: =ALL!D3 -> 48.330118 | H3: =OBS!D3 -> #DIV/0! | I3: =SYSREV!D3 -> #DIV/0! | K3: Clinical trial | L3: 49.674055 | M3: 52.721088 | N3: 51.304348 | O3: 52.828054 | P3: 51.59526 | Q3: 52.401372 | R3: 52.787456 | S3: 53.854918 | T3: 53.773241 | U3: 55.573148 | V3: 57.551274 | W3: 55.909944 | X3: 55.805114 | Y3: 55.896033 | Z3: 54.798367 | AA3: 55.261371 | AB3: 56.004756 | AC3: 55.714627 | AD3: 55.166286 | AE3: 56.251645 | AF3: 55.051391 | AG3: 55.340224 | AH3: 55.566387 | AI3: 57.085683 | AJ3: 57.843329 | AK3: 58.87455 | AL3: 58.315072 | AM3: 57.782405 | AN3: 58.520648 | AO3: 58.48957 | AP3: 58.589268 | AQ3: 58.712943 | AR3: 61.016949 | AS3: 59.017376 | AT3: 58.580739 | AU3: 60.315671
A4: =A2+2 -> 1992 | B4: =RCT!D4 -> 45.630372 | C4: =CT!D4 -> 51.304348 | D4: =META!D4 -> 68.181818 | E4: =REVIEW!D4 -> 55.217391 | F4: =CCJ!D4 -> 56.45898 | G4: =ALL!D4 -> 49.186123 | H4: =OBS!D4 -> #DIV/0! | I4: =SYSREV!D4 -> #DIV/0! | K4: Meta-analysis | L4: 60 | M4: 54.054054 | N4: 68.181818 | O4: 59.016393 | P4: 64.615385 | Q4: 56.666667 | R4: 53.125 | S4: 61.157025 | T4: 63.793103 | U4: 65.116279 | V4: 66.666667 | W4: 61.676647 | X4: 61.502347 | Y4: 57.777778 | Z4: 59.248555 | AA4: 63.157895 | AB4: 59.454855 | AC4: 64.886515 | AD4: 64.759725 | AE4: 64.588979 | AF4: 62.620027 | AG4: 63.461538 | AH4: 63.522013 | AI4: 65.168539 | AJ4: 64.913935 | AK4: 64.673128 | AL4: 66.772718 | AM4: 65.966464 | AN4: 64.117446 | AO4: 64.798275 | AP4: 65.153453 | AQ4: 64.65957 | AR4: 64.348291 | AS4: 64.166942 | AT4: 63.253322 | AU4: 61.92026
A5: =A3+2 -> 1993 | B5: =RCT!D5 -> 47.247852 | C5: =CT!D5 -> 52.828054 | D5: =META!D5 -> 59.016393 | E5: =REVIEW!D5 -> 49.769585 | F5: =CCJ!D5 -> 57.204412 | G5: =ALL!D5 -> 50.094667 | H5: =OBS!D5 -> #DIV/0! | I5: =SYSREV!D5 -> #DIV/0! | K5: Review | L5: 51.612903 | M5: 55.555556 | N5: 55.217391 | O5: 49.769585 | P5: 55.760369 | Q5: 53.903346 | R5: 54.375 | S5: 52.698413 | T5: 56.351792 | U5: 55 | V5: 54.421769 | W5: 52.411576 | X5: 54.624277 | Y5: 53.543307 | Z5: 56.742557 | AA5: 59.578947 | AB5: 57.305936 | AC5: 56.2249 | AD5: 58.248473 | AE5: 55.882353 | AF5: 59.968354 | AG5: 61.142061 | AH5: 58.412322 | AI5: 56.127703 | AJ5: 55.273438 | AK5: 56.828194 | AL5: 56.992724 | AM5: 54.6042 | AN5: 54.136546 | AO5: 54.656489 | AP5: 51.65109 | AQ5: 51.857355 | AR5: 55.03937 | AS5: 56.827473 | AT5: 56.685714 | AU5: 52.291422
A6: =A4+2 -> 1994 | B6: =RCT!D6 -> 45.669715 | C6: =CT!D6 -> 51.59526 | D6: =META!D6 -> 64.615385 | E6: =REVIEW!D6 -> 55.760369 | F6: =CCJ!D6 -> 57.475031 | G6: =ALL!D6 -> 50.326388 | H6: =OBS!D6 -> #DIV/0! | I6: =SYSREV!D6 -> #DIV/0! | K6: Core clinical journal | L6: 55.074395 | M6: 55.77551 | N6: 56.45898 | O6: 57.204412 | P6: 57.475031 | Q6: 57.449985 | R6: 57.275632 | S6: 58.554386 | T6: 59.461733 | U6: 61.269029 | V6: 63.57055 | W6: 61.25216 | X6: 60.983025 | Y6: 61.594116 | Z6: 62.324145 | AA6: 63.350059 | AB6: 62.605456 | AC6: 63.859574 | AD6: 63.948951 | AE6: 62.904777 | AF6: 64.179253 | AG6: 64.57181 | AH6: 65.353069 | AI6: 64.894348 | AJ6: 65.062657 | AK6: 65.826197 | AL6: 65.927124 | AM6: 64.266018 | AN6: 64.159549 | AO6: 64.983961 | AP6: 64.284022 | AQ6: 64.861211 | AR6: 64.801628 | AS6: 64.899384 | AT6: 63.933307 | AU6: 63.697304
A7: =A5+2 -> 1995 | B7: =RCT!D7 -> 47.105263 | C7: =CT!D7 -> 52.401372 | D7: =META!D7 -> 56.666667 | E7: =REVIEW!D7 -> 53.903346 | F7: =CCJ!D7 -> 57.449985 | G7: =ALL!D7 -> 50.421549 | H7: =OBS!D7 -> #DIV/0! | I7: =SYSREV!D7 -> 66.666667 | K7: All MEDLINE | L7: 48.442761 | M7: 48.330118 | N7: 49.186123 | O7: 50.094667 | P7: 50.326388 | Q7: 50.421549 | R7: 51.182351 | S7: 51.958746 | T7: 52.012032 | U7: 53.57329 | V7: 54.306155 | W7: 52.385001 | X7: 52.303646 | Y7: 52.035966 | Z7: 52.3215 | AA7: 52.50783 | AB7: 52.890092 | AC7: 53.43077 | AD7: 53.355071 | AE7: 53.44791 | AF7: 53.512663 | AG7: 54.046429 | AH7: 54.20531 | AI7: 54.841202 | AJ7: 55.430075 | AK7: 55.72259 | AL7: 56.111373 | AM7: 55.908217 | AN7: 55.856937 | AO7: 56.22032 | AP7: 56.685378 | AQ7: 57.390777 | AR7: 56.978351 | AS7: 57.570232 | AT7: 57.276228 | AU7: 57.850176
A8: =A6+2 -> 1996 | B8: =RCT!D8 -> 49.59217 | C8: =CT!D8 -> 52.787456 | D8: =META!D8 -> 53.125 | E8: =REVIEW!D8 -> 54.375 | F8: =CCJ!D8 -> 57.275632 | G8: =ALL!D8 -> 51.182351 | H8: =OBS!D8 -> #DIV/0! | I8: =SYSREV!D8 -> 75 | K8: Observational study | L8: #DIV/0! | M8: #DIV/0! | N8: #DIV/0! | O8: #DIV/0! | P8: #DIV/0! | Q8: #DIV/0! | R8: #DIV/0! | S8: #DIV/0! | T8: #DIV/0! | U8: #DIV/0! | V8: #DIV/0! | W8: #DIV/0! | X8: 100 | Y8: #DIV/0! | Z8: #DIV/0! | AA8: #DIV/0! | AB8: #DIV/0! | AC8: #DIV/0! | AD8: #DIV/0! | AE8: 100 | AF8: 57.894737 | AG8: 73.809524 | AH8: 68.686869 | AI8: 64.158488 | AJ8: 65.087502 | AK8: 64.391223 | AL8: 65.012788 | AM8: 64.718944 | AN8: 63.658825 | AO8: 63.402317 | AP8: 63.829787 | AQ8: 64.944122 | AR8: 64.544419 | AS8: 64.035863 | AT8: 62.862084 | AU8: 64.419935
A9: =A7+2 -> 1997 | B9: =RCT!D9 -> 49.846559 | C9: =CT!D9 -> 53.854918 | D9: =META!D9 -> 61.157025 | E9: =REVIEW!D9 -> 52.698413 | F9: =CCJ!D9 -> 58.554386 | G9: =ALL!D9 -> 51.958746 | H9: =OBS!D9 -> #DIV/0! | I9: =SYSREV!D9 -> 44.444444 | K9: Systematic review | L9: #DIV/0! | M9: #DIV/0! | N9: #DIV/0! | O9: #DIV/0! | P9: #DIV/0! | Q9: 66.666667 | R9: 75 | S9: 44.444444 | T9: 62.5 | U9: 41.176471 | V9: 55.405405 | W9: 44.285714 | X9: 65.217391 | Y9: 60.294118 | Z9: 53.529412 | AA9: 63.207547 | AB9: 55.390335 | AC9: 61.096606 | AD9: 61.96868 | AE9: 59.683099 | AF9: 60.724234 | AG9: 61.7713 | AH9: 61.937984 | AI9: 62.659698 | AJ9: 63.073286 | AK9: 63.602392 | AL9: 64.827128 | AM9: 64.189189 | AN9: 62.720764 | AO9: 64.361395 | AP9: 64.144116 | AQ9: 63.639974 | AR9: 63.963731 | AS9: 63.345243 | AT9: 62.256219 | AU9: 61.140876
A10: =A8+2 -> 1998 | B10: =RCT!D10 -> 49.012752 | C10: =CT!D10 -> 53.773241 | D10: =META!D10 -> 63.793103 | E10: =REVIEW!D10 -> 56.351792 | F10: =CCJ!D10 -> 59.461733 | G10: =ALL!D10 -> 52.012032 | H10: =OBS!D10 -> #DIV/0! | I10: =SYSREV!D10 -> 62.5
A11: =A9+2 -> 1999 | B11: =RCT!D11 -> 51.830515 | C11: =CT!D11 -> 55.573148 | D11: =META!D11 -> 65.116279 | E11: =REVIEW!D11 -> 55 | F11: =CCJ!D11 -> 61.269029 | G11: =ALL!D11 -> 53.57329 | H11: =OBS!D11 -> #DIV/0! | I11: =SYSREV!D11 -> 41.176471
A12: =A10+2 -> 2000 | B12: =RCT!D12 -> 51.959665 | C12: =CT!D12 -> 57.551274 | D12: =META!D12 -> 66.666667 | E12: =REVIEW!D12 -> 54.421769 | F12: =CCJ!D12 -> 63.57055 | G12: =ALL!D12 -> 54.306155 | H12: =OBS!D12 -> #DIV/0! | I12: =SYSREV!D12 -> 55.405405
A13: =A11+2 -> 2001 | B13: =RCT!D13 -> 50.182831 | C13: =CT!D13 -> 55.909944 | D13: =META!D13 -> 61.676647 | E13: =REVIEW!D13 -> 52.411576 | F13: =CCJ!D13 -> 61.25216 | G13: =ALL!D13 -> 52.385001 | H13: =OBS!D13 -> #DIV/0! | I13: =SYSREV!D13 -> 44.285714
A14: =A12+2 -> 2002 | B14: =RCT!D14 -> 50.660502 | C14: =CT!D14 -> 55.805114 | D14: =META!D14 -> 61.502347 | E14: =REVIEW!D14 -> 54.624277 | F14: =CCJ!D14 -> 60.983025 | G14: =ALL!D14 -> 52.303646 | H14: =OBS!D14 -> 100 | I14: =SYSREV!D14 -> 65.217391
A15: =A13+2 -> 2003 | B15: =RCT!D15 -> 50.391078 | C15: =CT!D15 -> 55.896033 | D15: =META!D15 -> 57.777778 | E15: =REVIEW!D15 -> 53.543307 | F15: =CCJ!D15 -> 61.594116 | G15: =ALL!D15 -> 52.035966 | H15: =OBS!D15 -> #DIV/0! | I15: =SYSREV!D15 -> 60.294118
A16: =A14+2 -> 2004 | B16: =RCT!D16 -> 50.576052 | C16: =CT!D16 -> 54.798367 | D16: =META!D16 -> 59.248555 | E16: =REVIEW!D16 -> 56.742557 | F16: =CCJ!D16 -> 62.324145 | G16: =ALL!D16 -> 52.3215 | H16: =OBS!D16 -> #DIV/0! | I16: =SYSREV!D16 -> 53.529412
A17: =A15+2 -> 2005 | B17: =RCT!D17 -> 50.454122 | C17: =CT!D17 -> 55.261371 | D17: =META!D17 -> 63.157895 | E17: =REVIEW!D17 -> 59.578947 | F17: =CCJ!D17 -> 63.350059 | G17: =ALL!D17 -> 52.50783 | H17: =OBS!D17 -> #DIV/0! | I17: =SYSREV!D17 -> 63.207547
A18: =A16+2 -> 2006 | B18: =RCT!D18 -> 49.874221 | C18: =CT!D18 -> 56.004756 | D18: =META!D18 -> 59.454855 | E18: =REVIEW!D18 -> 57.305936 | F18: =CCJ!D18 -> 62.605456 | G18: =ALL!D18 -> 52.890092 | H18: =OBS!D18 -> #DIV/0! | I18: =SYSREV!D18 -> 55.390335
A19: =A17+2 -> 2007 | B19: =RCT!D19 -> 50.169695 | C19: =CT!D19 -> 55.714627 | D19: =META!D19 -> 64.886515 | E19: =REVIEW!D19 -> 56.2249 | F19: =CCJ!D19 -> 63.859574 | G19: =ALL!D19 -> 53.43077 | H19: =OBS!D19 -> #DIV/0! | I19: =SYSREV!D19 -> 61.096606
A20: =A18+2 -> 2008 | B20: =RCT!D20 -> 51.067718 | C20: =CT!D20 -> 55.166286 | D20: =META!D20 -> 64.759725 | E20: =REVIEW!D20 -> 58.248473 | F20: =CCJ!D20 -> 63.948951 | G20: =ALL!D20 -> 53.355071 | H20: =OBS!D20 -> #DIV/0! | I20: =SYSREV!D20 -> 61.96868
A21: =A19+2 -> 2009 | B21: =RCT!D21 -> 50.36411 | C21: =CT!D21 -> 56.251645 | D21: =META!D21 -> 64.588979 | E21: =REVIEW!D21 -> 55.882353 | F21: =CCJ!D21 -> 62.904777 | G21: =ALL!D21 -> 53.44791 | H21: =OBS!D21 -> 100 | I21: =SYSREV!D21 -> 59.683099
... A36: =A34+2 -> 2024 | B36: =RCT!D36 -> 52.484092 | C36: =CT!D36 -> 58.580739 | D36: =META!D36 -> 63.253322 | E36: =REVIEW!D36 -> 56.685714 | F36: =CCJ!D36 -> 63.933307 | G36: =ALL!D36 -> 57.276228 | H36: =OBS!D36 -> 62.862084 | I36: =SYSREV!D36 -> 62.256219
A37: 2025 | B37: =RCT!D37 -> 52.772153 | C37: =CT!D37 -> 60.315671 | D37: =META!D37 -> 61.92026 | E37: =REVIEW!D37 -> 52.291422 | F37: =CCJ!D37 -> 63.697304 | G37: =ALL!D37 -> 57.850176 | H37: =OBS!D37 -> 64.419935 | I37: =SYSREV!D37 -> 61.140876
A38: SUM
A39: MAX
A40: MIN
