Workbook

Sheet RCT
A1: Year | B1: Total article count | C1: HasPvalue | D1: Pvalue0.05 | E1: Pvalue0.01 | F1: Pvalue0.005 | G1: Pvalue0.001
A2: 1990 | B2: 6146 | C2: 2091 | D2: 2005 | E2: 1328 | F2: 870 | G2: 690 | I2: =C2/B2 -> 0.34022128 | J2: =IF(C2=0, 0, _xlfn.BETA.INV(0.025, C2, B2-C2+1)) -> 0.32837316 | K2: =IF(C2=B2, 1, _xlfn.BETA.INV(0.975, C2+1, B2-C2)) -> 0.35222123
A3: 1991 | B3: 6643 | C3: 2478 | D3: 2359 | E3: 1616 | F3: 1058 | G3: 839 | I3: =C3/B3 -> 0.37302424 | J3: =IF(C3=0, 0, _xlfn.BETA.INV(0.025, C3, B3-C3+1)) -> 0.36137736 | K3: =IF(C3=B3, 1, _xlfn.BETA.INV(0.975, C3+1, B3-C3)) -> 0.38478268
A4: 1992 | B4: 7131 | C4: 2721 | D4: 2587 | E4: 1775 | F4: 1171 | G4: 923 | I4: =C4/B4 -> 0.38157341 | J4: =IF(C4=0, 0, _xlfn.BETA.INV(0.025, C4, B4-C4+1)) -> 0.3702789 | K4: =IF(C4=B4, 1, _xlfn.BETA.INV(0.975, C4+1, B4-C4)) -> 0.39296483
A5: 1993 | B5: 7747 | C5: 3054 | D5: 2902 | E5: 1948 | F5: 1347 | G5: 1081 | I5: =C5/B5 -> 0.39421712 | J5: =IF(C5=0, 0, _xlfn.BETA.INV(0.025, C5, B5-C5+1)) -> 0.38331211 | K5: =IF(C5=B5, 1, _xlfn.BETA.INV(0.975, C5+1, B5-C5)) -> 0.40520177
A6: 1994 | B6: 8930 | C6: 3609 | D6: 3407 | E6: 2273 | F6: 1533 | G6: 1204 | I6: =C6/B6 -> 0.40414334 | J6: =IF(C6=0, 0, _xlfn.BETA.INV(0.025, C6, B6-C6+1)) -> 0.39394204 | K6: =IF(C6=B6, 1, _xlfn.BETA.INV(0.975, C6+1, B6-C6)) -> 0.41440721
A7: 1995 | B7: 9770 | C7: 4066 | D7: 3854 | E7: 2575 | F7: 1781 | G7: 1413 | I7: =C7/B7 -> 0.41617195 | J7: =IF(C7=0, 0, _xlfn.BETA.INV(0.025, C7, B7-C7+1)) -> 0.40637282 | K7: =IF(C7=B7, 1, _xlfn.BETA.INV(0.975, C7+1, B7-C7)) -> 0.42602109
A8: 1996 | B8: 9611 | C8: 4165 | D8: 3974 | E8: 2727 | F8: 1935 | G8: 1549 | I8: =C8/B8 -> 0.43335761 | J8: =IF(C8=0, 0, _xlfn.BETA.INV(0.025, C8, B8-C8+1)) -> 0.42342006 | K8: =IF(C8=B8, 1, _xlfn.BETA.INV(0.975, C8+1, B8-C8)) -> 0.44333558
A9: 1997 | B9: 9844 | C9: 4454 | D9: 4201 | E9: 2858 | F9: 2071 | G9: 1670 | I9: =C9/B9 -> 0.45245835 | J9: =IF(C9=0, 0, _xlfn.BETA.INV(0.025, C9, B9-C9+1)) -> 0.44259043 | K9: =IF(C9=B9, 1, _xlfn.BETA.INV(0.975, C9+1, B9-C9)) -> 0.46235441
A10: 1998 | B10: 10236 | C10: 4745 | D10: 4472 | E10: 3077 | F10: 2187 | G10: 1791 | I10: =C10/B10 -> 0.46355998 | J10: =IF(C10=0, 0, _xlfn.BETA.INV(0.025, C10, B10-C10+1)) -> 0.45386223 | K10: =IF(C10=B10, 1, _xlfn.BETA.INV(0.975, C10+1, B10-C10)) -> 0.47327848
A11: 1999 | B11: 10976 | C11: 5240 | D11: 4919 | E11: 3380 | F11: 2496 | G11: 2023 | I11: =C11/B11 -> 0.47740525 | J11: =IF(C11=0, 0, _xlfn.BETA.INV(0.025, C11, B11-C11+1)) -> 0.46802232 | K11: =IF(C11=B11, 1, _xlfn.BETA.INV(0.975, C11+1, B11-C11)) -> 0.48680017
A12: 2000 | B12: 10684 | C12: 5102 | D12: 4779 | E12: 3272 | F12: 2386 | G12: 1936 | I12: =C12/B12 -> 0.4775365 | J12: =IF(C12=0, 0, _xlfn.BETA.INV(0.025, C12, B12-C12+1)) -> 0.46802555 | K12: =IF(C12=B12, 1, _xlfn.BETA.INV(0.975, C12+1, B12-C12)) -> 0.4870597
A13: 2001 | B13: 11580 | C13: 5603 | D13: 5230 | E13: 3579 | F13: 2656 | G13: 2136 | I13: =C13/B13 -> 0.48385147 | J13: =IF(C13=0, 0, _xlfn.BETA.INV(0.025, C13, B13-C13+1)) -> 0.47471131 | K13: =IF(C13=B13, 1, _xlfn.BETA.INV(0.975, C13+1, B13-C13)) -> 0.49299975
... A37: 2025 | B37: 17160 | C37: 10002 | D37: 9038 | E37: 6171 | F37: 5063 | G37: 4288 | I37: =C37/B37 -> 0.58286713 | J37: =IF(C37=0, 0, _xlfn.BETA.INV(0.025, C37, B37-C37+1)) -> 0.57544693 | K37: =IF(C37=B37, 1, _xlfn.BETA.INV(0.975, C37+1, B37-C37)) -> 0.59025924
A38: SUM | B38: =SUM(B2:B37) -> 668641 | C38: =SUM(C2:C37) -> 348180 | D38: =SUM(D2:D37) -> 319094 | E38: =SUM(E2:E37) -> 217845 | F38: =SUM(F2:F37) -> 167113 | G38: =SUM(G2:G37) -> 137465
A39: MAX | B39: =MAX(B2:B37) -> 29674 | C39: =MAX(C2:C37) -> 16539 | D39: =MAX(D2:D37) -> 14876 | E39: =MAX(E2:E37) -> 10056 | F39: =MAX(F2:F37) -> 8001 | G39: =MAX(G2:G37) -> 6638
A40: MIN | B40: =MIN(B2:B37) -> 6146 | C40: =MIN(C2:C37) -> 2091 | D40: =MIN(D2:D37) -> 2005 | E40: =MIN(E2:E37) -> 1328 | F40: =MIN(F2:F37) -> 870 | G40: =MIN(G2:G37) -> 690

Sheet CT
A1: Year | B1: Total article count | C1: HasPvalue | D1: Pvalue0.05 | E1: Pvalue0.01 | F1: Pvalue0.005 | G1: Pvalue0.001
A2: 1990 | B2: 4068 | C2: 746 | D2: 731 | E2: 519 | F2: 351 | G2: 295 | I2: =C2/B2 -> 0.1833825 | J2: =IF(C2=0, 0, _xlfn.BETA.INV(0.025, C2, B2-C2+1)) -> 0.17159845 | K2: =IF(C2=B2, 1, _xlfn.BETA.INV(0.975, C2+1, B2-C2)) -> 0.19562306
A3: 1991 | B3: 4160 | C3: 857 | D3: 843 | E3: 634 | F3: 436 | G3: 377 | I3: =C3/B3 -> 0.20600962 | J3: =IF(C3=0, 0, _xlfn.BETA.INV(0.025, C3, B3-C3+1)) -> 0.19380916 | K3: =IF(C3=B3, 1, _xlfn.BETA.INV(0.975, C3+1, B3-C3)) -> 0.2186243
A4: 1992 | B4: 3780 | C4: 783 | D4: 767 | E4: 549 | F4: 381 | G4: 309 | I4: =C4/B4 -> 0.20714286 | J4: =IF(C4=0, 0, _xlfn.BETA.INV(0.025, C4, B4-C4+1)) -> 0.19432167 | K4: =IF(C4=B4, 1, _xlfn.BETA.INV(0.975, C4+1, B4-C4)) -> 0.2204184
A5: 1993 | B5: 3701 | C5: 864 | D5: 837 | E5: 595 | F5: 431 | G5: 334 | I5: =C5/B5 -> 0.23345042 | J5: =IF(C5=0, 0, _xlfn.BETA.INV(0.025, C5, B5-C5+1)) -> 0.21990128 | K5: =IF(C5=B5, 1, _xlfn.BETA.INV(0.975, C5+1, B5-C5)) -> 0.24742175
A6: 1994 | B6: 8513 | C6: 2145 | D6: 2089 | E6: 1502 | F6: 1055 | G6: 868 | I6: =C6/B6 -> 0.25196758 | J6: =IF(C6=0, 0, _xlfn.BETA.INV(0.025, C6, B6-C6+1)) -> 0.24277267 | K6: =IF(C6=B6, 1, _xlfn.BETA.INV(0.975, C6+1, B6-C6)) -> 0.26133254
A7: 1995 | B7: 9318 | C7: 2290 | D7: 2222 | E7: 1615 | F7: 1156 | G7: 990 | I7: =C7/B7 -> 0.24576089 | J7: =IF(C7=0, 0, _xlfn.BETA.INV(0.025, C7, B7-C7+1)) -> 0.23704604 | K7: =IF(C7=B7, 1, _xlfn.BETA.INV(0.975, C7+1, B7-C7)) -> 0.25463495
A8: 1996 | B8: 8830 | C8: 2245 | D8: 2166 | E8: 1549 | F8: 1134 | G8: 928 | I8: =C8/B8 -> 0.25424689 | J8: =IF(C8=0, 0, _xlfn.BETA.INV(0.025, C8, B8-C8+1)) -> 0.24519027 | K8: =IF(C8=B8, 1, _xlfn.BETA.INV(0.975, C8+1, B8-C8)) -> 0.26346591
A9: 1997 | B9: 10309 | C9: 2581 | D9: 2502 | E9: 1810 | F9: 1328 | G9: 1105 | I9: =C9/B9 -> 0.25036376 | J9: =IF(C9=0, 0, _xlfn.BETA.INV(0.025, C9, B9-C9+1)) -> 0.24202391 | K9: =IF(C9=B9, 1, _xlfn.BETA.INV(0.975, C9+1, B9-C9)) -> 0.25884484
A10: 1998 | B10: 10351 | C10: 2676 | D10: 2589 | E10: 1876 | F10: 1345 | G10: 1137 | I10: =C10/B10 -> 0.25852575 | J10: =IF(C10=0, 0, _xlfn.BETA.INV(0.025, C10, B10-C10+1)) -> 0.25011185 | K10: =IF(C10=B10, 1, _xlfn.BETA.INV(0.975, C10+1, B10-C10)) -> 0.26707569
A11: 1999 | B11: 11277 | C11: 3059 | D11: 2962 | E11: 2161 | F11: 1598 | G11: 1322 | I11: =C11/B11 -> 0.27126009 | J11: =IF(C11=0, 0, _xlfn.BETA.INV(0.025, C11, B11-C11+1)) -> 0.26306965 | K11: =IF(C11=B11, 1, _xlfn.BETA.INV(0.975, C11+1, B11-C11)) -> 0.27956876
A12: 2000 | B12: 10709 | C12: 3132 | D12: 3020 | E12: 2219 | F12: 1676 | G12: 1385 | I12: =C12/B12 -> 0.29246428 | J12: =IF(C12=0, 0, _xlfn.BETA.INV(0.025, C12, B12-C12+1)) -> 0.28385938 | K12: =IF(C12=B12, 1, _xlfn.BETA.INV(0.975, C12+1, B12-C12)) -> 0.30118215
A13: 2001 | B13: 8921 | C13: 2620 | D13: 2543 | E13: 1892 | F13: 1417 | G13: 1144 | I13: =C13/B13 -> 0.29368905 | J13: =IF(C13=0, 0, _xlfn.BETA.INV(0.025, C13, B13-C13+1)) -> 0.28425049 | K13: =IF(C13=B13, 1, _xlfn.BETA.INV(0.975, C13+1, B13-C13)) -> 0.3032625
... A37: 2025 | B37: 2848 | C37: 869 | D37: 832 | E37: 614 | F37: 517 | G37: 442 | I37: =C37/B37 -> 0.3051264 | J37: =IF(C37=0, 0, _xlfn.BETA.INV(0.025, C37, B37-C37+1)) -> 0.28824711 | K37: =IF(C37=B37, 1, _xlfn.BETA.INV(0.975, C37+1, B37-C37)) -> 0.32240701
A38: SUM | B38: =SUM(B2:B37) -> 333103 | C38: =SUM(C2:C37) -> 109310 | D38: =SUM(D2:D37) -> 104591 | E38: =SUM(E2:E37) -> 76443 | F38: =SUM(F2:F37) -> 59225 | G38: =SUM(G2:G37) -> 49279
A39: MAX | B39: =MAX(B2:B37) -> 13984 | C39: =MAX(C2:C37) -> 5380 | D39: =MAX(D2:D37) -> 5141 | E39: =MAX(E2:E37) -> 3768 | F39: =MAX(F2:F37) -> 2981 | G39: =MAX(G2:G37) -> 2492
A40: MIN | B40: =MIN(B2:B37) -> 2848 | C40: =MIN(C2:C37) -> 746 | D40: =MIN(D2:D37) -> 731 | E40: =MIN(E2:E37) -> 519 | F40: =MIN(F2:F37) -> 351 | G40: =MIN(G2:G37) -> 295

Sheet META
A1: Year | B1: Total article count | C1: HasPvalue | D1: Pvalue0.05 | E1: Pvalue0.01 | F1: Pvalue0.005 | G1: Pvalue0.001
A2: 1990 | B2: 214 | C2: 30 | D2: 27 | E2: 21 | F2: 17 | G2: 11 | I2: =C2/B2 -> 0.14018692 | J2: =IF(C2=0, 0, _xlfn.BETA.INV(0.025, C2, B2-C2+1)) -> 0.096623903 | K2: =IF(C2=B2, 1, _xlfn.BETA.INV(0.975, C2+1, B2-C2)) -> 0.19403967
A3: 1991 | B3: 268 | C3: 35 | D3: 31 | E3: 26 | F3: 19 | G3: 18 | I3: =C3/B3 -> 0.13059701 | J3: =IF(C3=0, 0, _xlfn.BETA.INV(0.025, C3, B3-C3+1)) -> 0.092678866 | K3: =IF(C3=B3, 1, _xlfn.BETA.INV(0.975, C3+1, B3-C3)) -> 0.17692316
A4: 1992 | B4: 304 | C4: 41 | D4: 36 | E4: 30 | F4: 26 | G4: 22 | I4: =C4/B4 -> 0.13486842 | J4: =IF(C4=0, 0, _xlfn.BETA.INV(0.025, C4, B4-C4+1)) -> 0.098552071 | K4: =IF(C4=B4, 1, _xlfn.BETA.INV(0.975, C4+1, B4-C4)) -> 0.17848676
A5: 1993 | B5: 274 | C5: 59 | D5: 57 | E5: 45 | F5: 35 | G5: 31 | I5: =C5/B5 -> 0.21532847 | J5: =IF(C5=0, 0, _xlfn.BETA.INV(0.025, C5, B5-C5+1)) -> 0.16814823 | K5: =IF(C5=B5, 1, _xlfn.BETA.INV(0.975, C5+1, B5-C5)) -> 0.26878167
A6: 1994 | B6: 348 | C6: 62 | D6: 57 | E6: 46 | F6: 39 | G6: 35 | I6: =C6/B6 -> 0.17816092 | J6: =IF(C6=0, 0, _xlfn.BETA.INV(0.025, C6, B6-C6+1)) -> 0.13940916 | K6: =IF(C6=B6, 1, _xlfn.BETA.INV(0.975, C6+1, B6-C6)) -> 0.22249108
A7: 1995 | B7: 395 | C7: 87 | D7: 80 | E7: 60 | F7: 48 | G7: 37 | I7: =C7/B7 -> 0.22025316 | J7: =IF(C7=0, 0, _xlfn.BETA.INV(0.025, C7, B7-C7+1)) -> 0.18034745 | K7: =IF(C7=B7, 1, _xlfn.BETA.INV(0.975, C7+1, B7-C7)) -> 0.26440821
A8: 1996 | B8: 445 | C8: 93 | D8: 88 | E8: 62 | F8: 48 | G8: 42 | I8: =C8/B8 -> 0.20898876 | J8: =IF(C8=0, 0, _xlfn.BETA.INV(0.025, C8, B8-C8+1)) -> 0.17213027 | K8: =IF(C8=B8, 1, _xlfn.BETA.INV(0.975, C8+1, B8-C8)) -> 0.24976672
A9: 1997 | B9: 548 | C9: 116 | D9: 110 | E9: 79 | F9: 70 | G9: 58 | I9: =C9/B9 -> 0.21167883 | J9: =IF(C9=0, 0, _xlfn.BETA.INV(0.025, C9, B9-C9+1)) -> 0.17819654 | K9: =IF(C9=B9, 1, _xlfn.BETA.INV(0.975, C9+1, B9-C9)) -> 0.24830451
A10: 1998 | B10: 588 | C10: 108 | D10: 93 | E10: 73 | F10: 63 | G10: 57 | I10: =C10/B10 -> 0.18367347 | J10: =IF(C10=0, 0, _xlfn.BETA.INV(0.025, C10, B10-C10+1)) -> 0.15317915 | K10: =IF(C10=B10, 1, _xlfn.BETA.INV(0.975, C10+1, B10-C10)) -> 0.21738441
A11: 1999 | B11: 681 | C11: 124 | D11: 120 | E11: 94 | F11: 78 | G11: 72 | I11: =C11/B11 -> 0.18208517 | J11: =IF(C11=0, 0, _xlfn.BETA.INV(0.025, C11, B11-C11+1)) -> 0.15379529 | K11: =IF(C11=B11, 1, _xlfn.BETA.INV(0.975, C11+1, B11-C11)) -> 0.21316093
A12: 2000 | B12: 793 | C12: 173 | D12: 160 | E12: 130 | F12: 112 | G12: 94 | I12: =C12/B12 -> 0.21815889 | J12: =IF(C12=0, 0, _xlfn.BETA.INV(0.025, C12, B12-C12+1)) -> 0.18987522 | K12: =IF(C12=B12, 1, _xlfn.BETA.INV(0.975, C12+1, B12-C12)) -> 0.24855517
A13: 2001 | B13: 861 | C13: 163 | D13: 140 | E13: 118 | F13: 95 | G13: 85 | I13: =C13/B13 -> 0.18931475 | J13: =IF(C13=0, 0, _xlfn.BETA.INV(0.025, C13, B13-C13+1)) -> 0.16366565 | K13: =IF(C13=B13, 1, _xlfn.BETA.INV(0.975, C13+1, B13-C13)) -> 0.21710974
... A37: 2025 | B37: 14518 | C37: 5955 | D37: 5445 | E37: 4464 | F37: 3573 | G37: 3200 | I37: =C37/B37 -> 0.41018047 | J37: =IF(C37=0, 0, _xlfn.BETA.INV(0.025, C37, B37-C37+1)) -> 0.40216374 | K37: =IF(C37=B37, 1, _xlfn.BETA.INV(0.975, C37+1, B37-C37)) -> 0.4182332
A38: SUM | B38: =SUM(B2:B37) -> 258279 | C38: =SUM(C2:C37) -> 95012 | D38: =SUM(D2:D37) -> 85677 | E38: =SUM(E2:E37) -> 70485 | F38: =SUM(F2:F37) -> 59335 | G38: =SUM(G2:G37) -> 52217
A39: MAX | B39: =MAX(B2:B37) -> 23544 | C39: =MAX(C2:C37) -> 9418 | D39: =MAX(D2:D37) -> 8653 | E39: =MAX(E2:E37) -> 7166 | F39: =MAX(F2:F37) -> 5814 | G39: =MAX(G2:G37) -> 5190
A40: MIN | B40: =MIN(B2:B37) -> 214 | C40: =MIN(C2:C37) -> 30 | D40: =MIN(D2:D37) -> 27 | E40: =MIN(E2:E37) -> 21 | F40: =MIN(F2:F37) -> 17 | G40: =MIN(G2:G37) -> 11

Sheet REVIEW
A1: Year | B1: Total article count | C1: HasPvalue | D1: Pvalue0.05 | E1: Pvalue0.01 | F1: Pvalue0.005 | G1: Pvalue0.001
A2: 1990 | B2: 24277 | C2: 181 | D2: 179 | E2: 130 | F2: 92 | G2: 74 | I2: =C2/B2 -> 0.0074556164 | J2: =IF(C2=0, 0, _xlfn.BETA.INV(0.025, C2, B2-C2+1)) -> 0.006412214 | K2: =IF(C2=B2, 1, _xlfn.BETA.INV(0.975, C2+1, B2-C2)) -> 0.0086193874
A3: 1991 | B3: 26350 | C3: 197 | D3: 192 | E3: 146 | F3: 106 | G3: 87 | I3: =C3/B3 -> 0.0074762808 | J3: =IF(C3=0, 0, _xlfn.BETA.INV(0.025, C3, B3-C3+1)) -> 0.0064718203 | K3: =IF(C3=B3, 1, _xlfn.BETA.INV(0.975, C3+1, B3-C3)) -> 0.0085915255
A4: 1992 | B4: 27779 | C4: 220 | D4: 216 | E4: 156 | F4: 115 | G4: 96 | I4: =C4/B4 -> 0.0079196515 | J4: =IF(C4=0, 0, _xlfn.BETA.INV(0.025, C4, B4-C4+1)) -> 0.0069110236 | K4: =IF(C4=B4, 1, _xlfn.BETA.INV(0.975, C4+1, B4-C4)) -> 0.0090331404
A5: 1993 | B5: 29002 | C5: 207 | D5: 197 | E5: 134 | F5: 97 | G5: 85 | I5: =C5/B5 -> 0.0071374388 | J5: =IF(C5=0, 0, _xlfn.BETA.INV(0.025, C5, B5-C5+1)) -> 0.006200996 | K5: =IF(C5=B5, 1, _xlfn.BETA.INV(0.975, C5+1, B5-C5)) -> 0.0081745478
A6: 1994 | B6: 30760 | C6: 208 | D6: 198 | E6: 152 | F6: 113 | G6: 94 | I6: =C6/B6 -> 0.0067620286 | J6: =IF(C6=0, 0, _xlfn.BETA.INV(0.025, C6, B6-C6+1)) -> 0.0058767608 | K6: =IF(C6=B6, 1, _xlfn.BETA.INV(0.975, C6+1, B6-C6)) -> 0.0077422764
A7: 1995 | B7: 33077 | C7: 258 | D7: 241 | E7: 180 | F7: 131 | G7: 110 | I7: =C7/B7 -> 0.0077999819 | J7: =IF(C7=0, 0, _xlfn.BETA.INV(0.025, C7, B7-C7+1)) -> 0.0068802387 | K7: =IF(C7=B7, 1, _xlfn.BETA.INV(0.975, C7+1, B7-C7)) -> 0.0088076641
A8: 1996 | B8: 35582 | C8: 309 | D8: 296 | E8: 214 | F8: 160 | G8: 134 | I8: =C8/B8 -> 0.0086841662 | J8: =IF(C8=0, 0, _xlfn.BETA.INV(0.025, C8, B8-C8+1)) -> 0.0077463271 | K8: =IF(C8=B8, 1, _xlfn.BETA.INV(0.975, C8+1, B8-C8)) -> 0.0097034642
A9: 1997 | B9: 37858 | C9: 306 | D9: 295 | E9: 209 | F9: 150 | G9: 120 | I9: =C9/B9 -> 0.0080828359 | J9: =IF(C9=0, 0, _xlfn.BETA.INV(0.025, C9, B9-C9+1)) -> 0.0072055598 | K9: =IF(C9=B9, 1, _xlfn.BETA.INV(0.975, C9+1, B9-C9)) -> 0.0090367741
A10: 1998 | B10: 41132 | C10: 299 | D10: 286 | E10: 209 | F10: 166 | G10: 141 | I10: =C10/B10 -> 0.0072692794 | J10: =IF(C10=0, 0, _xlfn.BETA.INV(0.025, C10, B10-C10+1)) -> 0.0064711033 | K10: =IF(C10=B10, 1, _xlfn.BETA.INV(0.975, C10+1, B10-C10)) -> 0.0081381473
A11: 1999 | B11: 42494 | C11: 246 | D11: 238 | E11: 166 | F11: 127 | G11: 103 | I11: =C11/B11 -> 0.0057890526 | J11: =IF(C11=0, 0, _xlfn.BETA.INV(0.025, C11, B11-C11+1)) -> 0.0050899032 | K11: =IF(C11=B11, 1, _xlfn.BETA.INV(0.975, C11+1, B11-C11)) -> 0.0065569656
A12: 2000 | B12: 48551 | C12: 286 | D12: 261 | E12: 184 | F12: 151 | G12: 125 | I12: =C12/B12 -> 0.0058907129 | J12: =IF(C12=0, 0, _xlfn.BETA.INV(0.025, C12, B12-C12+1)) -> 0.0052294029 | K12: =IF(C12=B12, 1, _xlfn.BETA.INV(0.975, C12+1, B12-C12)) -> 0.006612105
A13: 2001 | B13: 50445 | C13: 309 | D13: 293 | E13: 213 | F13: 158 | G13: 126 | I13: =C13/B13 -> 0.0061254832 | J13: =IF(C13=0, 0, _xlfn.BETA.INV(0.025, C13, B13-C13+1)) -> 0.0054632289 | K13: =IF(C13=B13, 1, _xlfn.BETA.INV(0.975, C13+1, B13-C13)) -> 0.0068454941
... A37: 2025 | B37: 84526 | C37: 835 | D37: 781 | E37: 522 | F37: 431 | G37: 362 | I37: =C37/B37 -> 0.0098786172 | J37: =IF(C37=0, 0, _xlfn.BETA.INV(0.025, C37, B37-C37+1)) -> 0.0092228421 | K37: =IF(C37=B37, 1, _xlfn.BETA.INV(0.975, C37+1, B37-C37)) -> 0.01056835
A38: SUM | B38: =SUM(B2:B37) -> 2766251 | C38: =SUM(C2:C37) -> 27795 | D38: =SUM(D2:D37) -> 25645 | E38: =SUM(E2:E37) -> 18523 | F38: =SUM(F2:F37) -> 14959 | G38: =SUM(G2:G37) -> 12648
A39: MAX | B39: =MAX(B2:B37) -> 142452 | C39: =MAX(C2:C37) -> 2504 | D39: =MAX(D2:D37) -> 2311 | E39: =MAX(E2:E37) -> 1651 | F39: =MAX(F2:F37) -> 1357 | G39: =MAX(G2:G37) -> 1163
A40: MIN | B40: =MIN(B2:B37) -> 24277 | C40: =MIN(C2:C37) -> 181 | D40: =MIN(D2:D37) -> 179 | E40: =MIN(E2:E37) -> 130 | F40: =MIN(F2:F37) -> 92 | G40: =MIN(G2:G37) -> 74

Sheet CCJ
A1: Year | B1: Total article count | C1: HasPvalue | D1: Pvalue0.05 | E1: Pvalue0.01 | F1: Pvalue0.005 | G1: Pvalue0.001
A2: 1990 | B2: 31431 | C2: 5369 | D2: 5225 | E2: 3917 | F2: 2796 | G2: 2337 | I2: =C2/B2 -> 0.17081862 | J2: =IF(C2=0, 0, _xlfn.BETA.INV(0.025, C2, B2-C2+1)) -> 0.16667262 | K2: =IF(C2=B2, 1, _xlfn.BETA.INV(0.975, C2+1, B2-C2)) -> 0.17502555
A3: 1991 | B3: 32930 | C3: 6086 | D3: 5942 | E3: 4444 | F3: 3194 | G3: 2660 | I3: =C3/B3 -> 0.18481628 | J3: =IF(C3=0, 0, _xlfn.BETA.INV(0.025, C3, B3-C3+1)) -> 0.18063675 | K3: =IF(C3=B3, 1, _xlfn.BETA.INV(0.975, C3+1, B3-C3)) -> 0.18905147
A4: 1992 | B4: 34868 | C4: 6945 | D4: 6763 | E4: 5134 | F4: 3679 | G4: 2998 | I4: =C4/B4 -> 0.19917976 | J4: =IF(C4=0, 0, _xlfn.BETA.INV(0.025, C4, B4-C4+1)) -> 0.19499858 | K4: =IF(C4=B4, 1, _xlfn.BETA.INV(0.975, C4+1, B4-C4)) -> 0.20341112
A5: 1993 | B5: 36976 | C5: 7542 | D5: 7305 | E5: 5447 | F5: 4034 | G5: 3333 | I5: =C5/B5 -> 0.20397014 | J5: =IF(C5=0, 0, _xlfn.BETA.INV(0.025, C5, B5-C5+1)) -> 0.19987288 | K5: =IF(C5=B5, 1, _xlfn.BETA.INV(0.975, C5+1, B5-C5)) -> 0.20811395
A6: 1994 | B6: 38717 | C6: 8529 | D6: 8242 | E6: 6227 | F6: 4562 | G6: 3704 | I6: =C6/B6 -> 0.22029083 | J6: =IF(C6=0, 0, _xlfn.BETA.INV(0.025, C6, B6-C6+1)) -> 0.2161708 | K6: =IF(C6=B6, 1, _xlfn.BETA.INV(0.975, C6+1, B6-C6)) -> 0.22445285
A7: 1995 | B7: 40660 | C7: 9266 | D7: 8944 | E7: 6768 | F7: 4966 | G7: 4101 | I7: =C7/B7 -> 0.22788982 | J7: =IF(C7=0, 0, _xlfn.BETA.INV(0.025, C7, B7-C7+1)) -> 0.22381982 | K7: =IF(C7=B7, 1, _xlfn.BETA.INV(0.975, C7+1, B7-C7)) -> 0.23199871
A8: 1996 | B8: 41001 | C8: 9631 | D8: 9323 | E8: 7067 | F8: 5280 | G8: 4350 | I8: =C8/B8 -> 0.23489671 | J8: =IF(C8=0, 0, _xlfn.BETA.INV(0.025, C8, B8-C8+1)) -> 0.23079995 | K8: =IF(C8=B8, 1, _xlfn.BETA.INV(0.975, C8+1, B8-C8)) -> 0.23903105
A9: 1997 | B9: 42522 | C9: 10353 | D9: 10022 | E9: 7517 | F9: 5795 | G9: 4762 | I9: =C9/B9 -> 0.24347397 | J9: =IF(C9=0, 0, _xlfn.BETA.INV(0.025, C9, B9-C9+1)) -> 0.23940059 | K9: =IF(C9=B9, 1, _xlfn.BETA.INV(0.975, C9+1, B9-C9)) -> 0.2475824
A10: 1998 | B10: 43762 | C10: 10832 | D10: 10445 | E10: 7936 | F10: 6141 | G10: 5057 | I10: =C10/B10 -> 0.24752068 | J10: =IF(C10=0, 0, _xlfn.BETA.INV(0.025, C10, B10-C10+1)) -> 0.24348265 | K10: =IF(C10=B10, 1, _xlfn.BETA.INV(0.975, C10+1, B10-C10)) -> 0.25159223
A11: 1999 | B11: 45760 | C11: 11497 | D11: 11013 | E11: 8385 | F11: 6538 | G11: 5496 | I11: =C11/B11 -> 0.25124563 | J11: =IF(C11=0, 0, _xlfn.BETA.INV(0.025, C11, B11-C11+1)) -> 0.24727662 | K11: =IF(C11=B11, 1, _xlfn.BETA.INV(0.975, C11+1, B11-C11)) -> 0.25524622
A12: 2000 | B12: 47381 | C12: 11678 | D12: 11181 | E12: 8449 | F12: 6664 | G12: 5506 | I12: =C12/B12 -> 0.2464701 | J12: =IF(C12=0, 0, _xlfn.BETA.INV(0.025, C12, B12-C12+1)) -> 0.24259476 | K12: =IF(C12=B12, 1, _xlfn.BETA.INV(0.975, C12+1, B12-C12)) -> 0.25037653
A13: 2001 | B13: 47703 | C13: 12573 | D13: 12057 | E13: 9254 | F13: 7234 | G13: 5982 | I13: =C13/B13 -> 0.26356833 | J13: =IF(C13=0, 0, _xlfn.BETA.INV(0.025, C13, B13-C13+1)) -> 0.25961877 | K13: =IF(C13=B13, 1, _xlfn.BETA.INV(0.975, C13+1, B13-C13)) -> 0.26754668
... A37: 2025 | B37: 43477 | C37: 13782 | D37: 12881 | E37: 10156 | F37: 8566 | G37: 7473 | I37: =C37/B37 -> 0.31699519 | J37: =IF(C37=0, 0, _xlfn.BETA.INV(0.025, C37, B37-C37+1)) -> 0.31262225 | K37: =IF(C37=B37, 1, _xlfn.BETA.INV(0.975, C37+1, B37-C37)) -> 0.32139258
A38: SUM | B38: =SUM(B2:B37) -> 2125833 | C38: =SUM(C2:C37) -> 614361 | D38: =SUM(D2:D37) -> 581397 | E38: =SUM(E2:E37) -> 457562 | F38: =SUM(F2:F37) -> 372494 | G38: =SUM(G2:G37) -> 316358
A39: MAX | B39: =MAX(B2:B37) -> 82375 | C39: =MAX(C2:C37) -> 26185 | D39: =MAX(D2:D37) -> 24520 | E39: =MAX(E2:E37) -> 19727 | F39: =MAX(F2:F37) -> 16490 | G39: =MAX(G2:G37) -> 14271
A40: MIN | B40: =MIN(B2:B37) -> 31431 | C40: =MIN(C2:C37) -> 5369 | D40: =MIN(D2:D37) -> 5225 | E40: =MIN(E2:E37) -> 3917 | F40: =MIN(F2:F37) -> 2796 | G40: =MIN(G2:G37) -> 2337

Sheet ALL
A1: Year | B1: Total article count | C1: HasPvalue | D1: Pvalue0.05 | E1: Pvalue0.01 | F1: Pvalue0.005 | G1: Pvalue0.001
A2: 1990 | B2: 278716 | C2: 20882 | D2: 20465 | E2: 14811 | F2: 9688 | G2: 8163 | I2: =C2/B2 -> 0.074922143 | J2: =IF(C2=0, 0, _xlfn.BETA.INV(0.025, C2, B2-C2+1)) -> 0.073947397 | K2: =IF(C2=B2, 1, _xlfn.BETA.INV(0.975, C2+1, B2-C2)) -> 0.075905739
A3: 1991 | B3: 281501 | C3: 22765 | D3: 22311 | E3: 16102 | F3: 10510 | G3: 8856 | I3: =C3/B3 -> 0.08087005
A4: 1992 | B4: 287106 | C4: 25095 | D4: 24595 | E4: 17804 | F4: 11778 | G4: 9760 | I4: =C4/B4 -> 0.087406742
A5: 1993 | B5: 292438 | C5: 27237 | D5: 26549 | E5: 18984 | F5: 12941 | G5: 10847 | I5: =C5/B5 -> 0.093137691
A6: 1994 | B6: 300383 | C6: 29583 | D6: 28778 | E6: 20638 | F6: 14177 | G6: 11848 | I6: =C6/B6 -> 0.098484268
A7: 1995 | B7: 309682 | C7: 31986 | D7: 31046 | E7: 22162 | F7: 15332 | G7: 12815 | I7: =C7/B7 -> 0.1032866
A8: 1996 | B8: 315735 | C8: 34368 | D8: 33365 | E8: 23873 | F8: 16727 | G8: 13919 | I8: =C8/B8 -> 0.10885078
A9: 1997 | B9: 324663 | C9: 36618 | D9: 35482 | E9: 25218 | F9: 18079 | G9: 15109 | I9: =C9/B9 -> 0.11278772
A10: 1998 | B10: 340071 | C10: 38557 | D10: 37285 | E10: 26461 | F10: 18960 | G10: 15866 | I10: =C10/B10 -> 0.11337926
A11: 1999 | B11: 349352 | C11: 40973 | D11: 39613 | E11: 28166 | F11: 20422 | G11: 17086 | I11: =C11/B11 -> 0.11728286
A12: 2000 | B12: 376786 | C12: 42661 | D12: 41120 | E12: 29205 | F12: 21319 | G12: 17758 | I12: =C12/B12 -> 0.11322342
A13: 2001 | B13: 396538 | C13: 45978 | D13: 44383 | E13: 31599 | F13: 23019 | G13: 19202 | I13: =C13/B13 -> 0.11594853
A14: 2002 | B14: 416028 | C14: 49350 | D14: 47529 | E14: 33789 | F14: 24677 | G14: 20648 | I14: =C14/B14 -> 0.11862182
... A35: 2023 | B35: 978968 | C35: 178431 | D35: 169624 | E35: 122398 | F35: 100771 | G35: 86746 | I35: =C35/B35 -> 0.18226438
A36: 2024 | B36: 1018395 | C36: 184181 | D36: 175350 | E36: 125609 | F36: 103764 | G36: 89628 | I36: =C36/B36 -> 0.18085419 | J36: =IF(C36=0, 0, _xlfn.BETA.INV(0.025, C36, B36-C36+1)) -> 0.18010706 | K36: =IF(C36=B36, 1, _xlfn.BETA.INV(0.975, C36+1, B36-C36)) -> 0.18160313
A37: 2025 | B37: 691456 | C37: 126805 | D37: 121081 | E37: 87054 | F37: 72248 | G37: 62848 | I37: =C37/B37 -> 0.18338839 | J37: =IF(C37=0, 0, _xlfn.BETA.INV(0.025, C37, B37-C37+1)) -> 0.18247686 | K37: =IF(C37=B37, 1, _xlfn.BETA.INV(0.975, C37+1, B37-C37)) -> 0.18430257
A38: SUM | B38: =SUM(B2:B37) -> 22734796 | C38: =SUM(C2:C37) -> 3500485 | D38: =SUM(D2:D37) -> 3343414 | E38: =SUM(E2:E37) -> 2392803 | F38: =SUM(F2:F37) -> 1867531 | G38: =SUM(G2:G37) -> 1586106
A39: MAX | B39: =MAX(B2:B37) -> 1112394 | C39: =MAX(C2:C37) -> 206278 | D39: =MAX(D2:D37) -> 195883 | E39: =MAX(E2:E37) -> 142128 | F39: =MAX(F2:F37) -> 115886 | G39: =MAX(G2:G37) -> 99368
A40: MIN | B40: =MIN(B2:B37) -> 278716 | C40: =MIN(C2:C37) -> 20882 | D40: =MIN(D2:D37) -> 20465 | E40: =MIN(E2:E37) -> 14811 | F40: =MIN(F2:F37) -> 9688 | G40: =MIN(G2:G37) -> 8163

Sheet OBS
A1: Year | B1: Total article count | C1: HasPvalue | D1: Pvalue0.05 | E1: Pvalue0.01 | F1: Pvalue0.005 | G1: Pvalue0.001
A2: 1990 | B2: 0 | C2: 0 | D2: 0 | E2: 0 | F2: 0 | G2: 0 | I2: =C2/B2 -> #DIV/0!
A3: 1991 | B3: 0 | C3: 0 | D3: 0 | E3: 0 | F3: 0 | G3: 0 | I3: =C3/B3 -> #DIV/0!
A4: 1992 | B4: 0 | C4: 0 | D4: 0 | E4: 0 | F4: 0 | G4: 0 | I4: =C4/B4 -> #DIV/0!
A5: 1993 | B5: 0 | C5: 0 | D5: 0 | E5: 0 | F5: 0 | G5: 0 | I5: =C5/B5 -> #DIV/0!
A6: 1994 | B6: 0 | C6: 0 | D6: 0 | E6: 0 | F6: 0 | G6: 0 | I6: =C6/B6 -> #DIV/0!
A7: 1995 | B7: 0 | C7: 0 | D7: 0 | E7: 0 | F7: 0 | G7: 0 | I7: =C7/B7 -> #DIV/0!
A8: 1996 | B8: 0 | C8: 0 | D8: 0 | E8: 0 | F8: 0 | G8: 0 | I8: =C8/B8 -> #DIV/0!
A9: 1997 | B9: 0 | C9: 0 | D9: 0 | E9: 0 | F9: 0 | G9: 0 | I9: =C9/B9 -> #DIV/0!
A10: 1998 | B10: 0 | C10: 0 | D10: 0 | E10: 0 | F10: 0 | G10: 0 | I10: =C10/B10 -> #DIV/0!
A11: 1999 | B11: 0 | C11: 0 | D11: 0 | E11: 0 | F11: 0 | G11: 0 | I11: =C11/B11 -> #DIV/0!
A12: 2000 | B12: 0 | C12: 0 | D12: 0 | E12: 0 | F12: 0 | G12: 0 | I12: =C12/B12 -> #DIV/0!
A13: 2001 | B13: 0 | C13: 0 | D13: 0 | E13: 0 | F13: 0 | G13: 0 | I13: =C13/B13 -> #DIV/0!
... A36: 2024 | B36: 19084 | C36: 9252 | D36: 8725 | E36: 6803 | F36: 5816 | G36: 5071 | I36: =C36/B36 -> 0.48480402
A37: 2025 | B37: 14630 | C37: 7344 | D37: 6959 | E37: 5489 | F37: 4731 | G37: 4108 | I37: =C37/B37 -> 0.50198223 | J37: =IF(C37=0, 0, _xlfn.BETA.INV(0.025, C37, B37-C37+1)) -> 0.49384633 | K37: =IF(C37=B37, 1, _xlfn.BETA.INV(0.975, C37+1, B37-C37)) -> 0.51011734
A38: SUM | B38: =SUM(B2:B37) -> 215849 | C38: =SUM(C2:C37) -> 107193 | D38: =SUM(D2:D37) -> 101717 | E38: =SUM(E2:E37) -> 81227 | F38: =SUM(F2:F37) -> 68826 | G38: =SUM(G2:G37) -> 59806
A39: MAX | B39: =MAX(B2:B37) -> 23297 | C39: =MAX(C2:C37) -> 11186 | D39: =MAX(D2:D37) -> 10646 | E39: =MAX(E2:E37) -> 8562 | F39: =MAX(F2:F37) -> 7264 | G39: =MAX(G2:G37) -> 6267
A40: MIN | B40: =MIN(B2:B37) -> 0 | C40: =MIN(C2:C37) -> 0 | D40: =MIN(D2:D37) -> 0 | E40: =MIN(E2:E37) -> 0 | F40: =MIN(F2:F37) -> 0 | G40: =MIN(G2:G37) -> 0

Sheet SYSREV
A1: Year | B1: Total article count | C1: HasPvalue | D1: Pvalue0.05 | E1: Pvalue0.01 | F1: Pvalue0.005 | G1: Pvalue0.001
A2: 1990 | B2: 4 | C2: 0 | D2: 0 | E2: 0 | F2: 0 | G2: 0 | I2: =C2/B2 -> 0
A3: 1991 | B3: 7 | C3: 0 | D3: 0 | E3: 0 | F3: 0 | G3: 0 | I3: =C3/B3 -> 0
A4: 1992 | B4: 2 | C4: 0 | D4: 0 | E4: 0 | F4: 0 | G4: 0 | I4: =C4/B4 -> 0
A5: 1993 | B5: 8 | C5: 0 | D5: 0 | E5: 0 | F5: 0 | G5: 0 | I5: =C5/B5 -> 0
A6: 1994 | B6: 22 | C6: 0 | D6: 0 | E6: 0 | F6: 0 | G6: 0 | I6: =C6/B6 -> 0
A7: 1995 | B7: 36 | C7: 3 | D7: 3 | E7: 3 | F7: 2 | G7: 2 | I7: =C7/B7 -> 0.083333333
A8: 1996 | B8: 69 | C8: 4 | D8: 4 | E8: 4 | F8: 3 | G8: 3 | I8: =C8/B8 -> 0.057971014
A9: 1997 | B9: 127 | C9: 9 | D9: 9 | E9: 5 | F9: 4 | G9: 4 | I9: =C9/B9 -> 0.070866142
A10: 1998 | B10: 205 | C10: 8 | D10: 7 | E10: 5 | F10: 5 | G10: 4 | I10: =C10/B10 -> 0.03902439
A11: 1999 | B11: 276 | C11: 17 | D11: 15 | E11: 8 | F11: 7 | G11: 5 | I11: =C11/B11 -> 0.061594203
A12: 2000 | B12: 1387 | C12: 74 | D12: 63 | E12: 46 | F12: 41 | G12: 34 | I12: =C12/B12 -> 0.053352559
A13: 2001 | B13: 1034 | C13: 70 | D13: 60 | E13: 42 | F13: 31 | G13: 29 | I13: =C13/B13 -> 0.067698259
... A36: 2024 | B36: 35020 | C36: 8563 | D36: 7868 | E36: 6526 | F36: 5331 | G36: 4784 | I36: =C36/B36 -> 0.24451742
A37: 2025 | B37: 24865 | C37: 6346 | D37: 5816 | E37: 4793 | F37: 3880 | G37: 3463 | I37: =C37/B37 -> 0.25521818 | J37: =IF(C37=0, 0, _xlfn.BETA.INV(0.025, C37, B37-C37+1)) -> 0.24980786 | K37: =IF(C37=B37, 1, _xlfn.BETA.INV(0.975, C37+1, B37-C37)) -> 0.26068576
A38: SUM | B38: =SUM(B2:B37) -> 343422 | C38: =SUM(C2:C37) -> 71913 | D38: =SUM(D2:D37) -> 65022 | E38: =SUM(E2:E37) -> 53652 | F38: =SUM(F2:F37) -> 45380 | G38: =SUM(G2:G37) -> 40537
A39: MAX | B39: =MAX(B2:B37) -> 35020 | C39: =MAX(C2:C37) -> 8563 | D39: =MAX(D2:D37) -> 7868 | E39: =MAX(E2:E37) -> 6526 | F39: =MAX(F2:F37) -> 5331 | G39: =MAX(G2:G37) -> 4784
A40: MIN | B40: =MIN(B2:B37) -> 2 | C40: =MIN(C2:C37) -> 0 | D40: =MIN(D2:D37) -> 0 | E40: =MIN(E2:E37) -> 0 | F40: =MIN(F2:F37) -> 0 | G40: =MIN(G2:G37) -> 0

Sheet Sheet2
A1: Year | B1: Randomized controlled trial | C1: Clinical trial | D1: Meta-analysis | E1: Review | F1: Core clinical journal | G1: All MEDLINE | H1: Observational study | I1: Systematic review
A2: 1990 | B2: 34.738041 | C2: 18.854474 | D2: 14.018692 | E2: 0.76615727 | F2: 18.394608 | G2: 7.672326
A3: 1991 | B3: 38.16047 | C3: 21.201923 | D3: 13.80597 | E3: 0.78557875 | F3: 19.542155 | G3: 8.2859386
A4: =A2+2 -> 1992 | B4: 39.152994 | C4: 21.296296 | D4: 14.473684 | E4: 0.82796357 | F4: 21.519286 | G4: 8.9656782
A5: =A3+2 -> 1993 | B5: 40.570543 | C5: 23.885436 | D5: 22.262774 | E5: 0.74822426 | F5: 21.886906 | G5: 9.5722854
A6: =A4+2 -> 1994 | B6: 41.634938 | C6: 25.772348 | D6: 18.678161 | E6: 0.70546164 | F6: 23.953349 | G6: 10.097775
A7: =A5+2 -> 1995 | B7: 42.784033 | C7: 25.02683 | D7: 22.78481 | E7: 0.81325392 | F7: 24.41585 | G7: 10.60927
A8: =A6+2 -> 1996 | B8: 44.646759 | C8: 26.002265 | D8: 21.573034 | E8: 0.89933112 | F8: 24.853822 | G8: 11.183746
A9: =A7+2 -> 1997 | B9: 46.34295 | C9: 25.54079 | D9: 22.080292 | E9: 0.83205663 | F9: 25.401975 | G9: 11.557831
A10: =A8+2 -> 1998 | B10: 47.499023 | C10: 26.499855 | D10: 19.727891 | E10: 0.74637752 | F10: 25.51046 | G10: 11.633453
A11: =A9+2 -> 1999 | B11: 49.025146 | C11: 28.003902 | D11: 18.942731 | E11: 0.61185108 | F11: 25.594787 | G11: 12.08008
A12: =A10+2 -> 2000 | B12: 49.195058 | C12: 30.049491 | D12: 22.320303 | E12: 0.6055488 | F12: 24.663118 | G12: 11.685678
A13: =A11+2 -> 2001 | B13: 49.594128 | C13: 29.873333 | D13: 19.396051 | E13: 0.61651303 | F13: 25.894947 | G13: 11.86368
A14: =A12+2 -> 2002 | B14: 51.685585 | C14: 31.13167 | D14: 21.068249 | E14: 0.62835973 | F14: 26.63203 | G14: 12.155913
A15: =A13+2 -> 2003 | B15: 53.148576 | C15: 32.538058 | D15: 25.526742 | E15: 0.85050813 | F15: 26.907852 | G15: 12.656194
... A36: =A34+2 -> 2024 | B36: 60.022035 | C36: 31.73983 | D36: 41.229188 | E36: 1.2746091 | F36: 32.274916 | G36: 18.437738
A37: 2025 | B37: 60.437063 | C37: 31.144663 | D37: 42.326767 | E37: 1.0067908 | F37: 33.393026 | G37: 18.653103
A38: SUM | B38: 0 | C38: 0 | D38: 0 | E38: 0 | F38: 0 | G38: 0
A39: MAX | B39: 60.437063 | C39: 41.119343 | D39: 42.326767 | E39: 1.9093265 | F39: 35.954465 | G39: 18.979606
A40: MIN | B40: 34.738041 | C40: 18.854474 | D40: 13.80597 | E40: 0.59574815 | F40: 18.394608 | G40: 7.672326

Sheet Sheet1
I1: Year | J1: 1990 | K1: 1991 | L1: 1992 | M1: 1993 | N1: 1994 | O1: 1995 | P1: 1996 | Q1: 1997 | R1: 1998 | S1: 1999 | T1: 2000 | U1: 2001 | V1: 2002 | W1: 2003 | X1: 2004 | Y1: 2005 | Z1: 2006 | AA1: 2007 | AB1: 2008 | AC1: 2009 | AD1: 2010 | AE1: 2011 | AF1: 2012 | AG1: 2013 | AH1: 2014 | AI1: 2015 | AJ1: 2016 | AK1: 2017 | AL1: 2018 | AM1: 2019 | AN1: 2020 | AO1: 2021 | AP1: 2022 | AQ1: 2023 | AR1: 2024 | AS1: 2025
I2: Randomized controlled trial | J2: 34.738041 | K2: 38.16047 | L2: 39.152994 | M2: 40.570543 | N2: 41.634938 | O2: 42.784033 | P2: 44.646759 | Q2: 46.34295 | R2: 47.499023 | S2: 49.025146 | T2: 49.195058 | U2: 49.594128 | V2: 51.685585 | W2: 53.148576 | X2: 52.220645 | Y2: 54.124913 | Z2: 53.826681 | AA2: 53.641037 | AB2: 54.100749 | AC2: 54.766125 | AD2: 54.26011 | AE2: 53.652292 | AF2: 54.37698 | AG2: 53.136268 | AH2: 54.033834 | AI2: 54.968532 | AJ2: 55.28671 | AK2: 56.033011 | AL2: 57.598471 | AM2: 57.822821 | AN2: 58.245688 | AO2: 58.179174 | AP2: 57.76643 | AQ2: 57.788826 | AR2: 60.022035 | AS2: 60.437063
I3: Clinical trial | J3: 18.854474 | K3: 21.201923 | L3: 21.296296 | M3: 23.885436 | N3: 25.772348 | O3: 25.02683 | P3: 26.002265 | Q3: 25.54079 | R3: 26.499855 | S3: 28.003902 | T3: 30.049491 | U3: 29.873333 | V3: 31.13167 | W3: 32.538058 | X3: 31.752978 | Y3: 31.887718 | Z3: 33.979798 | AA3: 35.649881 | AB3: 36.371191 | AC3: 35.910767 | AD3: 37.151905 | AE3: 38.071815 | AF3: 38.040495 | AG3: 39.309211 | AH3: 39.599288 | AI3: 41.0972 | AJ3: 41.119343 | AK3: 40.518878 | AL3: 40.033483 | AM3: 39.037213 | AN3: 36.857818 | AO3: 35.861532 | AP3: 36.234427 | AQ3: 35.578768 | AR3: 31.73983 | AS3: 31.144663
I4: Meta-analysis | J4: 14.018692 | K4: 13.80597 | L4: 14.473684 | M4: 22.262774 | N4: 18.678161 | O4: 22.78481 | P4: 21.573034 | Q4: 22.080292 | R4: 19.727891 | S4: 18.942731 | T4: 22.320303 | U4: 19.396051 | V4: 21.068249 | W4: 25.526742 | X4: 22.570124 | Y4: 24.203822 | Z4: 24.136513 | AA4: 27.315828 | AB4: 28.590121 | AC4: 30.345395 | AD4: 32.32816 | AE4: 34.068966 | AF4: 34.972183 | AG4: 37.293107 | AH4: 38.097377 | AI4: 39.171177 | AJ4: 38.690568 | AK4: 39.587133 | AL4: 40.266703 | AM4: 39.882086 | AN4: 39.776195 | AO4: 39.686661 | AP4: 40.171674 | AQ4: 40.390517 | AR4: 41.229188 | AS4: 42.326767
I5: Review | J5: 0.76615727 | K5: 0.78557875 | L5: 0.82796357 | M5: 0.74822426 | N5: 0.70546164 | O5: 0.81325392 | P5: 0.89933112 | Q5: 0.83205663 | R5: 0.74637752 | S5: 0.61185108 | T5: 0.6055488 | U5: 0.61651303 | V5: 0.62835973 | W5: 0.85050813 | X5: 0.87873192 | Y5: 0.69118054 | Z5: 0.59574815 | AA5: 0.64777117 | AB5: 0.62800573 | AC5: 0.68185806 | AD5: 0.7509238 | AE5: 0.80380633 | AF5: 0.89052081 | AG5: 0.98056046 | AH5: 0.99204619 | AI5: 1.0773407 | AJ5: 1.1415125 | AK5: 1.126817 | AL5: 1.1128691 | AM5: 1.1391502 | AN5: 1.2160289 | AO5: 1.4173195 | AP5: 1.8574448 | AQ5: 1.9093265 | AR5: 1.2746091 | AS5: 1.0067908
I6: Core clinical journal | J6: 18.394608 | K6: 19.542155 | L6: 21.519286 | M6: 21.886906 | N6: 23.953349 | O6: 24.41585 | P6: 24.853822 | Q6: 25.401975 | R6: 25.51046 | S6: 25.594787 | T6: 24.663118 | U6: 25.894947 | V6: 26.63203 | W6: 26.907852 | X6: 27.024604 | Y6: 28.05667 | Z6: 27.836404 | AA6: 27.947151 | AB6: 28.802746 | AC6: 28.636572 | AD6: 30.384639 | AE6: 31.335166 | AF6: 31.567513 | AG6: 33.314256 | AH6: 33.762058 | AI6: 34.889897 | AJ6: 35.954465 | AK6: 34.580435 | AL6: 34.280922 | AM6: 34.700334 | AN6: 33.23795 | AO6: 33.459297 | AP6: 33.840151 | AQ6: 33.432662 | AR6: 32.274916 | AS6: 33.393026
I7: All MEDLINE | J7: 7.672326 | K7: 8.2859386 | L7: 8.9656782 | M7: 9.5722854 | N7: 10.097775 | O7: 10.60927 | P7: 11.183746 | Q7: 11.557831 | R7: 11.633453 | S7: 12.08008 | T7: 11.685678 | U7: 11.86368 | V7: 12.155913 | W7: 12.656194 | X7: 12.963983 | Y7: 13.400627 | Z7: 13.445117 | AA7: 13.849755 | AB7: 14.287411 | AC7: 14.639421 | AD7: 14.987559 | AE7: 15.612748 | AF7: 16.062366 | AG7: 16.636534 | AH7: 17.11869 | AI7: 17.749953 | AJ7: 18.055656 | AK7: 18.336308 | AL7: 18.503878 | AM7: 18.502047 | AN7: 18.849143 | AO7: 18.979606 | AP7: 18.404417 | AQ7: 18.598667 | AR7: 18.437738 | AS7: 18.653103
I39: Article Category | J39: Abstracts, No | K39: Abstracts Reporting P Values, No. (range per year)
I40: =I2 -> Randomized controlled trial | J40: =RCT!$B$38 -> 668641 | K40: =RCT!$C$38 &" ("&RCT!$C$40&"-"&RCT!$C$39&")" -> 348180 (2091-16539)
I41: =I3 -> Clinical trial | J41: =CT!$B$38 -> 333103 | K41: =CT!$C$38 &" ("&CT!$C$40&"-"&CT!$C$39&")" -> 109310 (746-5380)
I42: =I4 -> Meta-analysis | J42: =META!$B$38 -> 258279 | K42: =META!$C$38 &" ("&META!$C$40&"-"&META!$C$39&")" -> 95012 (30-9418)
I43: =I5 -> Review | J43: =REVIEW!$B$38 -> 2766251 | K43: =REVIEW!$C$38 &" ("&REVIEW!$C$40&"-"&REVIEW!$C$39&")" -> 27795 (181-2504)
I44: =I6 -> Core clinical journal | J44: =CCJ!$B$38 -> 2125833 | K44: =CCJ!$C$38 &" ("&CCJ!$C$40&"-"&CCJ!$C$39&")" -> 614361 (5369-26185)
I45: =I7 -> All MEDLINE | J45: =ALL!$B$38 -> 22734796 | K45: =ALL!$C$38 &" ("&ALL!$C$40&"-"&ALL!$C$39&")" -> 3500485 (20882-206278)
