Workbook

Sheet RCT
A1: Year | B1: min_log_avg | C1: max_log_avy | D1: article_n | E1: abs_has_p | F1: min_count | G1: max_count
A2: 1990 | B2: 2.2224209 | C2: 1.6520186 | D2: 6146 | E2: 2091 | F2: 2091 | G2: 2091
A3: 1991 | B3: 2.2453785 | C3: 1.6545195 | D3: 6643 | E3: 2478 | F3: 2478 | G3: 2478
A4: 1992 | B4: 2.2494759 | C4: 1.6482012 | D4: 7131 | E4: 2721 | F4: 2721 | G4: 2721
A5: 1993 | B5: 2.2571082 | C5: 1.5809368 | D5: 7747 | E5: 3054 | F5: 3054 | G5: 3054
A6: 1994 | B6: 2.2196394 | C6: 1.5630537 | D6: 8930 | E6: 3609 | F6: 3609 | G6: 3609
A7: 1995 | B7: 2.2640796 | C7: 1.5578467 | D7: 9770 | E7: 4066 | F7: 4066 | G7: 4066
A8: 1996 | B8: 2.3158245 | C8: 1.5784713 | D8: 9611 | E8: 4165 | F8: 4165 | G8: 4165
A9: 1997 | B9: 2.2969222 | C9: 1.5624183 | D9: 9844 | E9: 4454 | F9: 4454 | G9: 4454
A10: 1998 | B10: 2.3041963 | C10: 1.552363 | D10: 10236 | E10: 4745 | F10: 4745 | G10: 4745
A11: 1999 | B11: 2.3271824 | C11: 1.5567349 | D11: 10976 | E11: 5240 | F11: 5240 | G11: 5240
A12: 2000 | B12: 2.3091948 | C12: 1.526634 | D12: 10684 | E12: 5102 | F12: 5102 | G12: 5102
A13: 2001 | B13: 2.3103623 | C13: 1.5425209 | D13: 11580 | E13: 5603 | F13: 5603 | G13: 5603
... A37: 2025 | B37: 2.2464155 | C37: 1.3491475 | D37: 17160 | E37: 10002 | F37: 10002 | G37: 10002
A38: SUM | B38: =SUM(B2:B37) -> 81.823823 | C38: =SUM(C2:C37) -> 52.637524 | D38: =SUM(D2:D37) -> 668641 | E38: =SUM(E2:E37) -> 348180 | F38: =SUM(F2:F37) -> 348180 | G38: =SUM(G2:G37) -> 348180
A39: MAX | B39: =MAX(B2:B37) -> 2.3271824 | C39: =MAX(C2:C37) -> 1.6545195 | D39: =MAX(D2:D37) -> 29674 | E39: =MAX(E2:E37) -> 16539 | F39: =MAX(F2:F37) -> 16539 | G39: =MAX(G2:G37) -> 16539
A40: MIN | B40: =MIN(B2:B37) -> 2.2196394 | C40: =MIN(C2:C37) -> 1.3239311 | D40: =MIN(D2:D37) -> 6146 | E40: =MIN(E2:E37) -> 2091 | F40: =MIN(F2:F37) -> 2091 | G40: =MIN(G2:G37) -> 2091

Sheet CT
A1: Year | B1: min_log_avg | C1: max_log_avy | D1: article_n | E1: abs_has_p | F1: min_count | G1: max_count
A2: 1990 | B2: 2.3327824 | C2: 1.7309594 | D2: 4068 | E2: 746 | F2: 746 | G2: 746
A3: 1991 | B3: 2.4221505 | C3: 1.81922 | D3: 4160 | E3: 857 | F3: 857 | G3: 857
A4: 1992 | B4: 2.3655092 | C4: 1.7750339 | D4: 3780 | E4: 783 | F4: 783 | G4: 783
A5: 1993 | B5: 2.3606552 | C5: 1.7767813 | D5: 3701 | E5: 864 | F5: 864 | G5: 864
A6: 1994 | B6: 2.3908215 | C6: 1.7515507 | D6: 8513 | E6: 2145 | F6: 2145 | G6: 2145
A7: 1995 | B7: 2.4253481 | C7: 1.7854063 | D7: 9318 | E7: 2290 | F7: 2290 | G7: 2290
A8: 1996 | B8: 2.4024741 | C8: 1.7232858 | D8: 8830 | E8: 2245 | F8: 2245 | G8: 2245
A9: 1997 | B9: 2.4485167 | C9: 1.7546894 | D9: 10309 | E9: 2581 | F9: 2581 | G9: 2581
A10: 1998 | B10: 2.4434122 | C10: 1.7257979 | D10: 10351 | E10: 2676 | F10: 2676 | G10: 2676
A11: 1999 | B11: 2.4668822 | C11: 1.7347218 | D11: 11277 | E11: 3059 | F11: 3059 | G11: 3059
A12: 2000 | B12: 2.4663423 | C12: 1.7526658 | D12: 10709 | E12: 3132 | F12: 3132 | G12: 3132
A13: 2001 | B13: 2.4819766 | C13: 1.6997159 | D13: 8921 | E13: 2620 | F13: 2620 | G13: 2620
... A37: 2025 | B37: 2.4906608 | C37: 1.6940922 | D37: 2848 | E37: 869 | F37: 869 | G37: 869
A38: SUM | B38: =SUM(B2:B37) -> 88.14013 | C38: =SUM(C2:C37) -> 60.519657 | D38: =SUM(D2:D37) -> 333103 | E38: =SUM(E2:E37) -> 109310 | F38: =SUM(F2:F37) -> 109310 | G38: =SUM(G2:G37) -> 109310
A39: MAX | B39: =MAX(B2:B37) -> 2.5477625 | C39: =MAX(C2:C37) -> 1.81922 | D39: =MAX(D2:D37) -> 13984 | E39: =MAX(E2:E37) -> 5380 | F39: =MAX(F2:F37) -> 5380 | G39: =MAX(G2:G37) -> 5380
A40: MIN | B40: =MIN(B2:B37) -> 2.3327824 | C40: =MIN(C2:C37) -> 1.5690405 | D40: =MIN(D2:D37) -> 2848 | E40: =MIN(E2:E37) -> 746 | F40: =MIN(F2:F37) -> 746 | G40: =MIN(G2:G37) -> 746

Sheet META
A1: Year | B1: min_log_avg | C1: max_log_avy | D1: article_n | E1: abs_has_p | F1: min_count | G1: max_count
A2: 1990 | B2: 2.4630978 | C2: 1.8276894 | D2: 214 | E2: 30 | F2: 30 | G2: 30
A3: 1991 | B3: 2.5130427 | C3: 1.743363 | D3: 268 | E3: 35 | F3: 35 | G3: 35
A4: 1992 | B4: 2.6114583 | C4: 1.7688476 | D4: 304 | E4: 41 | F4: 41 | G4: 41
A5: 1993 | B5: 2.7393964 | C5: 1.7648855 | D5: 274 | E5: 59 | F5: 59 | G5: 59
A6: 1994 | B6: 3.0798812 | C6: 1.7709795 | D6: 348 | E6: 62 | F6: 62 | G6: 62
A7: 1995 | B7: 2.4510941 | C7: 1.6729574 | D7: 395 | E7: 87 | F7: 87 | G7: 87
A8: 1996 | B8: 2.484816 | C8: 1.5817485 | D8: 445 | E8: 93 | F8: 93 | G8: 93
A9: 1997 | B9: 2.6337513 | C9: 1.6508991 | D9: 548 | E9: 116 | F9: 116 | G9: 116
A10: 1998 | B10: 2.4929384 | C10: 1.6124506 | D10: 588 | E10: 108 | F10: 108 | G10: 108
A11: 1999 | B11: 2.799045 | C11: 1.8122221 | D11: 681 | E11: 124 | F11: 124 | G11: 124
A12: 2000 | B12: 2.6860478 | C12: 1.7222481 | D12: 793 | E12: 173 | F12: 173 | G12: 173
A13: 2001 | B13: 2.5285332 | C13: 1.6413965 | D13: 861 | E13: 163 | F13: 163 | G13: 163
... A37: 2025 | B37: 2.7211054 | C37: 1.4164582 | D37: 14518 | E37: 5955 | F37: 5955 | G37: 5955
A38: SUM | B38: =SUM(B2:B37) -> 101.32753 | C38: =SUM(C2:C37) -> 56.873136 | D38: =SUM(D2:D37) -> 258279 | E38: =SUM(E2:E37) -> 95012 | F38: =SUM(F2:F37) -> 95012 | G38: =SUM(G2:G37) -> 95012
A39: MAX | B39: =MAX(B2:B37) -> 3.3970325 | C39: =MAX(C2:C37) -> 1.8276894 | D39: =MAX(D2:D37) -> 23544 | E39: =MAX(E2:E37) -> 9418 | F39: =MAX(F2:F37) -> 9418 | G39: =MAX(G2:G37) -> 9418
A40: MIN | B40: =MIN(B2:B37) -> 2.4510941 | C40: =MIN(C2:C37) -> 1.3812704 | D40: =MIN(D2:D37) -> 214 | E40: =MIN(E2:E37) -> 30 | F40: =MIN(F2:F37) -> 30 | G40: =MIN(G2:G37) -> 30

Sheet REVIEW
A1: Year | B1: min_log_avg | C1: max_log_avy | D1: article_n | E1: abs_has_p | F1: min_count | G1: max_count
A2: 1990 | B2: 2.3970688 | C2: 1.8618292 | D2: 24277 | E2: 181 | F2: 181 | G2: 181
A3: 1991 | B3: 2.4339631 | C3: 1.9176888 | D3: 26350 | E3: 197 | F3: 197 | G3: 197
A4: 1992 | B4: 2.4357301 | C4: 1.8505476 | D4: 27779 | E4: 220 | F4: 220 | G4: 220
A5: 1993 | B5: 2.3359213 | C5: 1.8014413 | D5: 29002 | E5: 207 | F5: 207 | G5: 207
A6: 1994 | B6: 2.4860007 | C6: 1.9187475 | D6: 30760 | E6: 208 | F6: 208 | G6: 208
A7: 1995 | B7: 2.4327455 | C7: 1.8395378 | D7: 33077 | E7: 258 | F7: 258 | G7: 258
A8: 1996 | B8: 2.4866222 | C8: 1.8377116 | D8: 35582 | E8: 309 | F8: 309 | G8: 309
A9: 1997 | B9: 2.4089309 | C9: 1.8144464 | D9: 37858 | E9: 306 | F9: 306 | G9: 306
A10: 1998 | B10: 2.5460112 | C10: 1.8532508 | D10: 41132 | E10: 299 | F10: 299 | G10: 299
A11: 1999 | B11: 2.4751473 | C11: 1.8636556 | D11: 42494 | E11: 246 | F11: 246 | G11: 246
A12: 2000 | B12: 2.3990531 | C12: 1.8470373 | D12: 48551 | E12: 286 | F12: 286 | G12: 286
A13: 2001 | B13: 2.4813287 | C13: 1.8435097 | D13: 50445 | E13: 309 | F13: 309 | G13: 309
... A37: 2025 | B37: 2.3617375 | C37: 1.6350829 | D37: 84526 | E37: 835 | F37: 835 | G37: 835
A38: SUM | B38: =SUM(B2:B37) -> 88.740663 | C38: =SUM(C2:C37) -> 63.02923 | D38: =SUM(D2:D37) -> 2766251 | E38: =SUM(E2:E37) -> 27795 | F38: =SUM(F2:F37) -> 27795 | G38: =SUM(G2:G37) -> 27795
A39: MAX | B39: =MAX(B2:B37) -> 2.6309461 | C39: =MAX(C2:C37) -> 1.9187475 | D39: =MAX(D2:D37) -> 142452 | E39: =MAX(E2:E37) -> 2504 | F39: =MAX(F2:F37) -> 2504 | G39: =MAX(G2:G37) -> 2504
A40: MIN | B40: =MIN(B2:B37) -> 2.3359213 | C40: =MIN(C2:C37) -> 1.5761498 | D40: =MIN(D2:D37) -> 24277 | E40: =MIN(E2:E37) -> 181 | F40: =MIN(F2:F37) -> 181 | G40: =MIN(G2:G37) -> 181

Sheet CCJ
A1: Year | B1: min_log_avg | C1: max_log_avy | D1: article_n | E1: abs_has_p | F1: min_count | G1: max_count
A2: 1990 | B2: 2.4457706 | C2: 1.815362 | D2: 31431 | E2: 5369 | F2: 5369 | G2: 5369
A3: 1991 | B3: 2.4545771 | C3: 1.8125897 | D3: 32930 | E3: 6086 | F3: 6086 | G3: 6086
A4: 1992 | B4: 2.4662359 | C4: 1.8022502 | D4: 34868 | E4: 6945 | F4: 6945 | G4: 6945
A5: 1993 | B5: 2.4716015 | C5: 1.7737475 | D5: 36976 | E5: 7542 | F5: 7542 | G5: 7542
A6: 1994 | B6: 2.4749343 | C6: 1.7582094 | D6: 38717 | E6: 8529 | F6: 8529 | G6: 8529
A7: 1995 | B7: 2.4880058 | C7: 1.7359545 | D7: 40660 | E7: 9266 | F7: 9266 | G7: 9266
A8: 1996 | B8: 2.5146786 | C8: 1.7414607 | D8: 41001 | E8: 9631 | F8: 9631 | G8: 9631
A9: 1997 | B9: 2.5357707 | C9: 1.7610279 | D9: 42522 | E9: 10353 | F9: 10353 | G9: 10353
A10: 1998 | B10: 2.5442607 | C10: 1.7352174 | D10: 43762 | E10: 10832 | F10: 10832 | G10: 10832
A11: 1999 | B11: 2.5425646 | C11: 1.7281538 | D11: 45760 | E11: 11497 | F11: 11497 | G11: 11497
A12: 2000 | B12: 2.5303336 | C12: 1.7268893 | D12: 47381 | E12: 11678 | F12: 11678 | G12: 11678
A13: 2001 | B13: 2.5485299 | C13: 1.7081775 | D13: 47703 | E13: 12573 | F13: 12573 | G13: 12573
... A37: 2025 | B37: 2.5874319 | C37: 1.5709339 | D37: 43477 | E37: 13782 | F37: 13782 | G37: 13782
A38: SUM | B38: =SUM(B2:B37) -> 92.445531 | C38: =SUM(C2:C37) -> 60.472943 | D38: =SUM(D2:D37) -> 2125833 | E38: =SUM(E2:E37) -> 614361 | F38: =SUM(F2:F37) -> 614361 | G38: =SUM(G2:G37) -> 614361
A39: MAX | B39: =MAX(B2:B37) -> 2.6785486 | C39: =MAX(C2:C37) -> 1.815362 | D39: =MAX(D2:D37) -> 82375 | E39: =MAX(E2:E37) -> 26185 | F39: =MAX(F2:F37) -> 26185 | G39: =MAX(G2:G37) -> 26185
A40: MIN | B40: =MIN(B2:B37) -> 2.4457706 | C40: =MIN(C2:C37) -> 1.5709339 | D40: =MIN(D2:D37) -> 31431 | E40: =MIN(E2:E37) -> 5369 | F40: =MIN(F2:F37) -> 5369 | G40: =MIN(G2:G37) -> 5369

Sheet ALL
A1: Year | B1: min_log_avg | C1: max_log_avy | D1: article_n | E1: abs_has_p | F1: min_count | G1: max_count
A2: 1990 | B2: 2.3346139 | C2: 1.8073831 | D2: 278716 | E2: 20882 | F2: 20882 | G2: 20882
A3: 1991 | B3: 2.3391758 | C3: 1.7966409 | D3: 281501 | E3: 22765 | F3: 22765 | G3: 22765
A4: 1992 | B4: 2.3536873 | C4: 1.7934802 | D4: 287106 | E4: 25095 | F4: 25095 | G4: 25095
A5: 1993 | B5: 2.3625236 | C5: 1.7661868 | D5: 292438 | E5: 27237 | F5: 27237 | G5: 27237
A6: 1994 | B6: 2.3757015 | C6: 1.7662383 | D6: 300383 | E6: 29583 | F6: 29583 | G6: 29583
A7: 1995 | B7: 2.3825404 | C7: 1.7420949 | D7: 309682 | E7: 31986 | F7: 31986 | G7: 31986
A8: 1996 | B8: 2.3960516 | C8: 1.7322305 | D8: 315735 | E8: 34368 | F8: 34368 | G8: 34368
A9: 1997 | B9: 2.411698 | C9: 1.7429364 | D9: 324663 | E9: 36618 | F9: 36618 | G9: 36618
A10: 1998 | B10: 2.4101555 | C10: 1.7213293 | D10: 340071 | E10: 38557 | F10: 38557 | G10: 38557
A11: 1999 | B11: 2.4223044 | C11: 1.7259122 | D11: 349352 | E11: 40973 | F11: 40973 | G11: 40973
A12: 2000 | B12: 2.4123113 | C12: 1.7204771 | D12: 376786 | E12: 42661 | F12: 42661 | G12: 42661
A13: 2001 | B13: 2.4191122 | C13: 1.703445 | D13: 396538 | E13: 45978 | F13: 45978 | G13: 45978
... A37: 2025 | B37: 2.4564022 | C37: 1.5841753 | D37: 691456 | E37: 126805 | F37: 126805 | G37: 126805
A38: SUM | B38: =SUM(B2:B37) -> 87.415088 | C38: =SUM(C2:C37) -> 60.147742 | D38: =SUM(D2:D37) -> 22734796 | E38: =SUM(E2:E37) -> 3500485 | F38: =SUM(F2:F37) -> 3500485 | G38: =SUM(G2:G37) -> 3500485
A39: MAX | B39: =MAX(B2:B37) -> 2.507596 | C39: =MAX(C2:C37) -> 1.8073831 | D39: =MAX(D2:D37) -> 1112394 | E39: =MAX(E2:E37) -> 206278 | F39: =MAX(F2:F37) -> 206278 | G39: =MAX(G2:G37) -> 206278
A40: MIN | B40: =MIN(B2:B37) -> 2.3346139 | C40: =MIN(C2:C37) -> 1.5760775 | D40: =MIN(D2:D37) -> 278716 | E40: =MIN(E2:E37) -> 20882 | F40: =MIN(F2:F37) -> 20882 | G40: =MIN(G2:G37) -> 20882

Sheet OBS
A1: Year | B1: min_log_avg | C1: max_log_avy | D1: article_n | E1: abs_has_p | F1: min_count | G1: max_count
A2: 1990 | B2: 0 | C2: 0 | D2: 0 | E2: 0 | F2: 0 | G2: 0
A3: 1991 | B3: 0 | C3: 0 | D3: 0 | E3: 0 | F3: 0 | G3: 0
A4: 1992 | B4: 0 | C4: 0 | D4: 0 | E4: 0 | F4: 0 | G4: 0
A5: 1993 | B5: 0 | C5: 0 | D5: 0 | E5: 0 | F5: 0 | G5: 0
A6: 1994 | B6: 0 | C6: 0 | D6: 0 | E6: 0 | F6: 0 | G6: 0
A7: 1995 | B7: 0 | C7: 0 | D7: 0 | E7: 0 | F7: 0 | G7: 0
A8: 1996 | B8: 0 | C8: 0 | D8: 0 | E8: 0 | F8: 0 | G8: 0
A9: 1997 | B9: 0 | C9: 0 | D9: 0 | E9: 0 | F9: 0 | G9: 0
A10: 1998 | B10: 0 | C10: 0 | D10: 0 | E10: 0 | F10: 0 | G10: 0
A11: 1999 | B11: 0 | C11: 0 | D11: 0 | E11: 0 | F11: 0 | G11: 0
A12: 2000 | B12: 0 | C12: 0 | D12: 0 | E12: 0 | F12: 0 | G12: 0
A13: 2001 | B13: 0 | C13: 0 | D13: 0 | E13: 0 | F13: 0 | G13: 0
... A37: 2025 | B37: 2.5059759 | C37: 1.5826754 | D37: 14630 | E37: 7344 | F37: 7291 | G37: 7291

Sheet SYSREV
A1: Year | B1: min_log_avg | C1: max_log_avy | D1: article_n | E1: abs_has_p | F1: min_count | G1: max_count
A2: 1990 | B2: 0 | C2: 0 | D2: 4 | E2: 0 | F2: 0 | G2: 0
A3: 1991 | B3: 0 | C3: 0 | D3: 7 | E3: 0 | F3: 0 | G3: 0
A4: 1992 | B4: 0 | C4: 0 | D4: 2 | E4: 0 | F4: 0 | G4: 0
A5: 1993 | B5: 0 | C5: 0 | D5: 8 | E5: 0 | F5: 0 | G5: 0
A6: 1994 | B6: 0 | C6: 0 | D6: 22 | E6: 0 | F6: 0 | G6: 0
A7: 1995 | B7: 3 | C7: 2.4336767 | D7: 36 | E7: 3 | F7: 3 | G7: 3
A8: 1996 | B8: 3 | C8: 2.400515 | D8: 69 | E8: 4 | F8: 4 | G8: 4
A9: 1997 | B9: 2.6351888 | C9: 1.7601819 | D9: 127 | E9: 9 | F9: 9 | G9: 9
A10: 1998 | B10: 2.4683934 | C10: 2.0653598 | D10: 205 | E10: 8 | F10: 8 | G10: 8
A11: 1999 | B11: 2.1100059 | C11: 1.1710343 | D11: 276 | E11: 17 | F11: 17 | G11: 17
A12: 2000 | B12: 2.3396072 | C12: 1.7924167 | D12: 1387 | E12: 74 | F12: 73 | G12: 73
A13: 2001 | B13: 2.4194197 | C13: 1.7639705 | D13: 1034 | E13: 70 | F13: 70 | G13: 70
... A37: 2025 | B37: 2.6752668 | C37: 1.4028072 | D37: 24865 | E37: 6346 | F37: 6266 | G37: 6266

Sheet minp
A1: Year | B1: Randomized controlled trial | C1: Clinical trial | D1: Meta-analysis | E1: Review | F1: Core clinical journal | G1: All MEDLINE | H1: Observational_Study | I1: Systematical_review | J1: min_p | K1: {=TRANSPOSE(A1:I37)} -> Year | L1: 1990 | M1: 1991 | N1: 1992 | O1: 1993 | P1: 1994 | Q1: 1995 | R1: 1996 | S1: 1997 | T1: 1998 | U1: 1999 | V1: 2000 | W1: 2001 | X1: 2002 | Y1: 2003 | Z1: 2004 | AA1: 2005 | AB1: 2006 | AC1: 2007 | AD1: 2008 | AE1: 2009 | AF1: 2010 | AG1: 2011 | AH1: 2012 | AI1: 2013 | AJ1: 2014 | AK1: 2015 | AL1: 2016 | AM1: 2017 | AN1: 2018 | AO1: 2019 | AP1: 2020 | AQ1: 2021 | AR1: 2022 | AS1: 2023 | AT1: 2024 | AU1: 2025
A2: 1990 | B2: =RCT!B2 -> 2.2224209 | C2: =CT!B2 -> 2.3327824 | D2: =META!B2 -> 2.4630978 | E2: =REVIEW!B2 -> 2.3970688 | F2: =CCJ!B2 -> 2.4457706 | G2: =ALL!B2 -> 2.3346139 | H2: =OBS!B2 -> 0 | I2: =SYSREV!B2 -> 0 | K2: Randomized controlled trial | L2: 2.2224209 | M2: 2.2453785 | N2: 2.2494759 | O2: 2.2571082 | P2: 2.2196394 | Q2: 2.2640796 | R2: 2.3158245 | S2: 2.2969222 | T2: 2.3041963 | U2: 2.3271824 | V2: 2.3091948 | W2: 2.3103623 | X2: 2.3112441 | Y2: 2.3034118 | Z2: 2.2968148 | AA2: 2.305164 | AB2: 2.2800749 | AC2: 2.2985661 | AD2: 2.3058557 | AE2: 2.296329 | AF2: 2.2689467 | AG2: 2.2939257 | AH2: 2.3018726 | AI2: 2.2861361 | AJ2: 2.2823257 | AK2: 2.2670349 | AL2: 2.2642549 | AM2: 2.2452328 | AN2: 2.2474 | AO2: 2.2554745 | AP2: 2.2347626 | AQ2: 2.2257172 | AR2: 2.2208663 | AS2: 2.221618 | AT2: 2.2425943 | AU2: 2.2464155
A3: 1991 | B3: =RCT!B3 -> 2.2453785 | C3: =CT!B3 -> 2.4221505 | D3: =META!B3 -> 2.5130427 | E3: =REVIEW!B3 -> 2.4339631 | F3: =CCJ!B3 -> 2.4545771 | G3: =ALL!B3 -> 2.3391758 | H3: =OBS!B3 -> 0 | I3: =SYSREV!B3 -> 0 | K3: Clinical trial | L3: 2.3327824 | M3: 2.4221505 | N3: 2.3655092 | O3: 2.3606552 | P3: 2.3908215 | Q3: 2.4253481 | R3: 2.4024741 | S3: 2.4485167 | T3: 2.4434122 | U3: 2.4668822 | V3: 2.4663423 | W3: 2.4819766 | X3: 2.4467882 | Y3: 2.4874082 | Z3: 2.4625687 | AA3: 2.4449494 | AB3: 2.4492607 | AC3: 2.4202776 | AD3: 2.4289556 | AE3: 2.4330374 | AF3: 2.4458474 | AG3: 2.4522143 | AH3: 2.4413596 | AI3: 2.4734352 | AJ3: 2.4986951 | AK3: 2.5477625 | AL3: 2.5216823 | AM3: 2.4375703 | AN3: 2.4701828 | AO3: 2.4614212 | AP3: 2.4838339 | AQ3: 2.4801132 | AR3: 2.4794932 | AS3: 2.457624 | AT3: 2.4181171 | AU3: 2.4906608
A4: =A2+2 -> 1992 | B4: =RCT!B4 -> 2.2494759 | C4: =CT!B4 -> 2.3655092 | D4: =META!B4 -> 2.6114583 | E4: =REVIEW!B4 -> 2.4357301 | F4: =CCJ!B4 -> 2.4662359 | G4: =ALL!B4 -> 2.3536873 | H4: =OBS!B4 -> 0 | I4: =SYSREV!B4 -> 0 | K4: Meta-analysis | L4: 2.4630978 | M4: 2.5130427 | N4: 2.6114583 | O4: 2.7393964 | P4: 3.0798812 | Q4: 2.4510941 | R4: 2.484816 | S4: 2.6337513 | T4: 2.4929384 | U4: 2.799045 | V4: 2.6860478 | W4: 2.5285332 | X4: 2.6210245 | Y4: 2.5366092 | Z4: 2.4898836 | AA4: 2.6931575 | AB4: 2.6961713 | AC4: 3.0040451 | AD4: 2.9135989 | AE4: 3.1889462 | AF4: 3.3970325 | AG4: 3.3669546 | AH4: 3.3949961 | AI4: 3.2535126 | AJ4: 3.1024846 | AK4: 3.0931986 | AL4: 3.0795697 | AM4: 2.8761493 | AN4: 2.7723994 | AO4: 2.7770319 | AP4: 2.733205 | AQ4: 2.7404129 | AR4: 2.7955441 | AS4: 2.8246896 | AT4: 2.7727069 | AU4: 2.7211054
A5: =A3+2 -> 1993 | B5: =RCT!B5 -> 2.2571082 | C5: =CT!B5 -> 2.3606552 | D5: =META!B5 -> 2.7393964 | E5: =REVIEW!B5 -> 2.3359213 | F5: =CCJ!B5 -> 2.4716015 | G5: =ALL!B5 -> 2.3625236 | H5: =OBS!B5 -> 0 | I5: =SYSREV!B5 -> 0 | K5: Review | L5: 2.3970688 | M5: 2.4339631 | N5: 2.4357301 | O5: 2.3359213 | P5: 2.4860007 | Q5: 2.4327455 | R5: 2.4866222 | S5: 2.4089309 | T5: 2.5460112 | U5: 2.4751473 | V5: 2.3990531 | W5: 2.4813287 | X5: 2.378325 | Y5: 2.4212056 | Z5: 2.4787782 | AA5: 2.5158844 | AB5: 2.478578 | AC5: 2.4828936 | AD5: 2.5705437 | AE5: 2.5076452 | AF5: 2.5801039 | AG5: 2.6309461 | AH5: 2.5424234 | AI5: 2.4635972 | AJ5: 2.4691932 | AK5: 2.4992177 | AL5: 2.516007 | AM5: 2.6026585 | AN5: 2.3827398 | AO5: 2.4513092 | AP5: 2.4208834 | AQ5: 2.3690155 | AR5: 2.4218714 | AS5: 2.4424292 | AT5: 2.4341527 | AU5: 2.3617375
A6: =A4+2 -> 1994 | B6: =RCT!B6 -> 2.2196394 | C6: =CT!B6 -> 2.3908215 | D6: =META!B6 -> 3.0798812 | E6: =REVIEW!B6 -> 2.4860007 | F6: =CCJ!B6 -> 2.4749343 | G6: =ALL!B6 -> 2.3757015 | H6: =OBS!B6 -> 0 | I6: =SYSREV!B6 -> 0 | K6: Core clinical journal | L6: 2.4457706 | M6: 2.4545771 | N6: 2.4662359 | O6: 2.4716015 | P6: 2.4749343 | Q6: 2.4880058 | R6: 2.5146786 | S6: 2.5357707 | T6: 2.5442607 | U6: 2.5425646 | V6: 2.5303336 | W6: 2.5485299 | X6: 2.5499712 | Y6: 2.5430194 | Z6: 2.5672518 | AA6: 2.5641229 | AB6: 2.5577441 | AC6: 2.5960563 | AD6: 2.6163044 | AE6: 2.6090286 | AF6: 2.6318121 | AG6: 2.6367649 | AH6: 2.6705142 | AI6: 2.6785486 | AJ6: 2.6490954 | AK6: 2.6726694 | AL6: 2.6347738 | AM6: 2.5718005 | AN6: 2.5831041 | AO6: 2.5571322 | AP6: 2.5710878 | AQ6: 2.5774213 | AR6: 2.6083129 | AS6: 2.5863539 | AT6: 2.6079456 | AU6: 2.5874319
A7: =A5+2 -> 1995 | B7: =RCT!B7 -> 2.2640796 | C7: =CT!B7 -> 2.4253481 | D7: =META!B7 -> 2.4510941 | E7: =REVIEW!B7 -> 2.4327455 | F7: =CCJ!B7 -> 2.4880058 | G7: =ALL!B7 -> 2.3825404 | H7: =OBS!B7 -> 0 | I7: =SYSREV!B7 -> 3 | K7: All MEDLINE | L7: 2.3346139 | M7: 2.3391758 | N7: 2.3536873 | O7: 2.3625236 | P7: 2.3757015 | Q7: 2.3825404 | R7: 2.3960516 | S7: 2.411698 | T7: 2.4101555 | U7: 2.4223044 | V7: 2.4123113 | W7: 2.4191122 | X7: 2.4080948 | Y7: 2.4044624 | Z7: 2.4052123 | AA7: 2.4029555 | AB7: 2.401608 | AC7: 2.4263821 | AD7: 2.4444132 | AE7: 2.4631511 | AF7: 2.4613968 | AG7: 2.483096 | AH7: 2.4876858 | AI7: 2.4850359 | AJ7: 2.4908233 | AK7: 2.507596 | AL7: 2.4761241 | AM7: 2.4444294 | AN7: 2.4333698 | AO7: 2.4413891 | AP7: 2.4489601 | AQ7: 2.4574233 | AR7: 2.4583066 | AS7: 2.4514973 | AT7: 2.4553974 | AU7: 2.4564022
A8: =A6+2 -> 1996 | B8: =RCT!B8 -> 2.3158245 | C8: =CT!B8 -> 2.4024741 | D8: =META!B8 -> 2.484816 | E8: =REVIEW!B8 -> 2.4866222 | F8: =CCJ!B8 -> 2.5146786 | G8: =ALL!B8 -> 2.3960516 | H8: =OBS!B8 -> 0 | I8: =SYSREV!B8 -> 3 | K8: Observational_Study | L8: 0 | M8: 0 | N8: 0 | O8: 0 | P8: 0 | Q8: 0 | R8: 0 | S8: 0 | T8: 0 | U8: 0 | V8: 0 | W8: 0 | X8: 3 | Y8: 0 | Z8: 0 | AA8: 0 | AB8: 0 | AC8: 0 | AD8: 0 | AE8: 3 | AF8: 2.3814834 | AG8: 2.6939024 | AH8: 2.6189538 | AI8: 2.5751072 | AJ8: 2.5891972 | AK8: 2.5874961 | AL8: 2.5806482 | AM8: 2.5549067 | AN8: 2.5522487 | AO8: 2.5397728 | AP8: 2.5628202 | AQ8: 2.5541678 | AR8: 2.5438268 | AS8: 2.5136293 | AT8: 2.4890024 | AU8: 2.5059759
A9: =A7+2 -> 1997 | B9: =RCT!B9 -> 2.2969222 | C9: =CT!B9 -> 2.4485167 | D9: =META!B9 -> 2.6337513 | E9: =REVIEW!B9 -> 2.4089309 | F9: =CCJ!B9 -> 2.5357707 | G9: =ALL!B9 -> 2.411698 | H9: =OBS!B9 -> 0 | I9: =SYSREV!B9 -> 2.6351888 | K9: Systematical_review | L9: 0 | M9: 0 | N9: 0 | O9: 0 | P9: 0 | Q9: 3 | R9: 3 | S9: 2.6351888 | T9: 2.4683934 | U9: 2.1100059 | V9: 2.3396072 | W9: 2.4194197 | X9: 2.8417252 | Y9: 2.6449888 | Z9: 2.482604 | AA9: 2.8460502 | AB9: 2.6865169 | AC9: 2.6620536 | AD9: 2.6813555 | AE9: 2.6194968 | AF9: 2.6918662 | AG9: 2.738836 | AH9: 2.6785031 | AI9: 2.6879107 | AJ9: 2.7770238 | AK9: 2.7026321 | AL9: 2.7121456 | AM9: 2.7064808 | AN9: 2.6411091 | AO9: 2.7056665 | AP9: 2.6667311 | AQ9: 2.6931396 | AR9: 2.7072803 | AS9: 2.7173067 | AT9: 2.711625 | AU9: 2.6752668
A10: =A8+2 -> 1998 | B10: =RCT!B10 -> 2.3041963 | C10: =CT!B10 -> 2.4434122 | D10: =META!B10 -> 2.4929384 | E10: =REVIEW!B10 -> 2.5460112 | F10: =CCJ!B10 -> 2.5442607 | G10: =ALL!B10 -> 2.4101555 | H10: =OBS!B10 -> 0 | I10: =SYSREV!B10 -> 2.4683934
A11: =A9+2 -> 1999 | B11: =RCT!B11 -> 2.3271824 | C11: =CT!B11 -> 2.4668822 | D11: =META!B11 -> 2.799045 | E11: =REVIEW!B11 -> 2.4751473 | F11: =CCJ!B11 -> 2.5425646 | G11: =ALL!B11 -> 2.4223044 | H11: =OBS!B11 -> 0 | I11: =SYSREV!B11 -> 2.1100059
A12: =A10+2 -> 2000 | B12: =RCT!B12 -> 2.3091948 | C12: =CT!B12 -> 2.4663423 | D12: =META!B12 -> 2.6860478 | E12: =REVIEW!B12 -> 2.3990531 | F12: =CCJ!B12 -> 2.5303336 | G12: =ALL!B12 -> 2.4123113 | H12: =OBS!B12 -> 0 | I12: =SYSREV!B12 -> 2.3396072
A13: =A11+2 -> 2001 | B13: =RCT!B13 -> 2.3103623 | C13: =CT!B13 -> 2.4819766 | D13: =META!B13 -> 2.5285332 | E13: =REVIEW!B13 -> 2.4813287 | F13: =CCJ!B13 -> 2.5485299 | G13: =ALL!B13 -> 2.4191122 | H13: =OBS!B13 -> 0 | I13: =SYSREV!B13 -> 2.4194197
A14: =A12+2 -> 2002 | B14: =RCT!B14 -> 2.3112441 | C14: =CT!B14 -> 2.4467882 | D14: =META!B14 -> 2.6210245 | E14: =REVIEW!B14 -> 2.378325 | F14: =CCJ!B14 -> 2.5499712 | G14: =ALL!B14 -> 2.4080948 | H14: =OBS!B14 -> 3 | I14: =SYSREV!B14 -> 2.8417252
A15: =A13+2 -> 2003 | B15: =RCT!B15 -> 2.3034118 | C15: =CT!B15 -> 2.4874082 | D15: =META!B15 -> 2.5366092 | E15: =REVIEW!B15 -> 2.4212056 | F15: =CCJ!B15 -> 2.5430194 | G15: =ALL!B15 -> 2.4044624 | H15: =OBS!B15 -> 0 | I15: =SYSREV!B15 -> 2.6449888
A16: =A14+2 -> 2004 | B16: =RCT!B16 -> 2.2968148 | C16: =CT!B16 -> 2.4625687 | D16: =META!B16 -> 2.4898836 | E16: =REVIEW!B16 -> 2.4787782 | F16: =CCJ!B16 -> 2.5672518 | G16: =ALL!B16 -> 2.4052123 | H16: =OBS!B16 -> 0 | I16: =SYSREV!B16 -> 2.482604
A17: =A15+2 -> 2005 | B17: =RCT!B17 -> 2.305164 | C17: =CT!B17 -> 2.4449494 | D17: =META!B17 -> 2.6931575 | E17: =REVIEW!B17 -> 2.5158844 | F17: =CCJ!B17 -> 2.5641229 | G17: =ALL!B17 -> 2.4029555 | H17: =OBS!B17 -> 0 | I17: =SYSREV!B17 -> 2.8460502
A18: =A16+2 -> 2006 | B18: =RCT!B18 -> 2.2800749 | C18: =CT!B18 -> 2.4492607 | D18: =META!B18 -> 2.6961713 | E18: =REVIEW!B18 -> 2.478578 | F18: =CCJ!B18 -> 2.5577441 | G18: =ALL!B18 -> 2.401608 | H18: =OBS!B18 -> 0 | I18: =SYSREV!B18 -> 2.6865169
A19: =A17+2 -> 2007 | B19: =RCT!B19 -> 2.2985661 | C19: =CT!B19 -> 2.4202776 | D19: =META!B19 -> 3.0040451 | E19: =REVIEW!B19 -> 2.4828936 | F19: =CCJ!B19 -> 2.5960563 | G19: =ALL!B19 -> 2.4263821 | H19: =OBS!B19 -> 0 | I19: =SYSREV!B19 -> 2.6620536
A20: =A18+2 -> 2008 | B20: =RCT!B20 -> 2.3058557 | C20: =CT!B20 -> 2.4289556 | D20: =META!B20 -> 2.9135989 | E20: =REVIEW!B20 -> 2.5705437 | F20: =CCJ!B20 -> 2.6163044 | G20: =ALL!B20 -> 2.4444132 | H20: =OBS!B20 -> 0 | I20: =SYSREV!B20 -> 2.6813555
A21: =A19+2 -> 2009 | B21: =RCT!B21 -> 2.296329 | C21: =CT!B21 -> 2.4330374 | D21: =META!B21 -> 3.1889462 | E21: =REVIEW!B21 -> 2.5076452 | F21: =CCJ!B21 -> 2.6090286 | G21: =ALL!B21 -> 2.4631511 | H21: =OBS!B21 -> 3 | I21: =SYSREV!B21 -> 2.6194968
... A36: =A34+2 -> 2024 | B36: =RCT!B36 -> 2.2425943 | C36: =CT!B36 -> 2.4181171 | D36: =META!B36 -> 2.7727069 | E36: =REVIEW!B36 -> 2.4341527 | F36: =CCJ!B36 -> 2.6079456 | G36: =ALL!B36 -> 2.4553974 | H36: =OBS!B36 -> 2.4890024 | I36: =SYSREV!B36 -> 2.711625
A37: 2025 | B37: =RCT!B37 -> 2.2464155 | C37: =CT!B37 -> 2.4906608 | D37: =META!B37 -> 2.7211054 | E37: =REVIEW!B37 -> 2.3617375 | F37: =CCJ!B37 -> 2.5874319 | G37: =ALL!B37 -> 2.4564022 | H37: =OBS!B37 -> 2.5059759 | I37: =SYSREV!B37 -> 2.6752668

Sheet maxp
A1: Year | B1: Randomized controlled trial | C1: Clinical trial | D1: Meta-analysis | E1: Review | F1: Core clinical journal | G1: All MEDLINE | H1: Observational_Study | I1: Systematical_review | J1: max_p | K1: {=TRANSPOSE(A1:I37)} -> Year | L1: 1990 | M1: 1991 | N1: 1992 | O1: 1993 | P1: 1994 | Q1: 1995 | R1: 1996 | S1: 1997 | T1: 1998 | U1: 1999 | V1: 2000 | W1: 2001 | X1: 2002 | Y1: 2003 | Z1: 2004 | AA1: 2005 | AB1: 2006 | AC1: 2007 | AD1: 2008 | AE1: 2009 | AF1: 2010 | AG1: 2011 | AH1: 2012 | AI1: 2013 | AJ1: 2014 | AK1: 2015 | AL1: 2016 | AM1: 2017 | AN1: 2018 | AO1: 2019 | AP1: 2020 | AQ1: 2021 | AR1: 2022 | AS1: 2023 | AT1: 2024 | AU1: 2025
A2: 1990 | B2: =RCT!C2 -> 1.6520186 | C2: =CT!C2 -> 1.7309594 | D2: =META!C2 -> 1.8276894 | E2: =REVIEW!C2 -> 1.8618292 | F2: =CCJ!C2 -> 1.815362 | G2: =ALL!C2 -> 1.8073831 | H2: =OBS!C2 -> 0 | I2: =SYSREV!C2 -> 0 | K2: Randomized controlled trial | L2: 1.6520186 | M2: 1.6545195 | N2: 1.6482012 | O2: 1.5809368 | P2: 1.5630537 | Q2: 1.5578467 | R2: 1.5784713 | S2: 1.5624183 | T2: 1.552363 | U2: 1.5567349 | V2: 1.526634 | W2: 1.5425209 | X2: 1.4894749 | Y2: 1.5084651 | Z2: 1.4840678 | AA2: 1.4751214 | AB2: 1.4686791 | AC2: 1.4841412 | AD2: 1.4649132 | AE2: 1.4434644 | AF2: 1.4277571 | AG2: 1.4258093 | AH2: 1.4074999 | AI2: 1.4021753 | AJ2: 1.3788169 | AK2: 1.3722965 | AL2: 1.3508739 | AM2: 1.3413111 | AN2: 1.3531968 | AO2: 1.3510891 | AP2: 1.3368379 | AQ2: 1.326623 | AR2: 1.3440505 | AS2: 1.3239311 | AT2: 1.3520616 | AU2: 1.3491475
A3: 1991 | B3: =RCT!C3 -> 1.6545195 | C3: =CT!C3 -> 1.81922 | D3: =META!C3 -> 1.743363 | E3: =REVIEW!C3 -> 1.9176888 | F3: =CCJ!C3 -> 1.8125897 | G3: =ALL!C3 -> 1.7966409 | H3: =OBS!C3 -> 0 | I3: =SYSREV!C3 -> 0 | K3: Clinical trial | L3: 1.7309594 | M3: 1.81922 | N3: 1.7750339 | O3: 1.7767813 | P3: 1.7515507 | Q3: 1.7854063 | R3: 1.7232858 | S3: 1.7546894 | T3: 1.7257979 | U3: 1.7347218 | V3: 1.7526658 | W3: 1.6997159 | X3: 1.7159602 | Y3: 1.7273441 | Z3: 1.7027069 | AA3: 1.6977707 | AB3: 1.6723195 | AC3: 1.6512835 | AD3: 1.6694083 | AE3: 1.665723 | AF3: 1.668197 | AG3: 1.6353071 | AH3: 1.6205616 | AI3: 1.6390482 | AJ3: 1.6219906 | AK3: 1.642527 | AL3: 1.6191795 | AM3: 1.5690405 | AN3: 1.6296919 | AO3: 1.6239592 | AP3: 1.6065405 | AQ3: 1.5972553 | AR3: 1.6124835 | AS3: 1.5932718 | AT3: 1.6141666 | AU3: 1.6940922
A4: =A2+2 -> 1992 | B4: =RCT!C4 -> 1.6482012 | C4: =CT!C4 -> 1.7750339 | D4: =META!C4 -> 1.7688476 | E4: =REVIEW!C4 -> 1.8505476 | F4: =CCJ!C4 -> 1.8022502 | G4: =ALL!C4 -> 1.7934802 | H4: =OBS!C4 -> 0 | I4: =SYSREV!C4 -> 0 | K4: Meta-analysis | L4: 1.8276894 | M4: 1.743363 | N4: 1.7688476 | O4: 1.7648855 | P4: 1.7709795 | Q4: 1.6729574 | R4: 1.5817485 | S4: 1.6508991 | T4: 1.6124506 | U4: 1.8122221 | V4: 1.7222481 | W4: 1.6413965 | X4: 1.7190514 | Y4: 1.5405694 | Z4: 1.4855555 | AA4: 1.5620855 | AB4: 1.583456 | AC4: 1.4803677 | AD4: 1.5664993 | AE4: 1.5423267 | AF4: 1.6309637 | AG4: 1.6062761 | AH4: 1.6093257 | AI4: 1.5588238 | AJ4: 1.5371788 | AK4: 1.5573513 | AL4: 1.5499908 | AM4: 1.421571 | AN4: 1.3812704 | AO4: 1.4290022 | AP4: 1.3985716 | AQ4: 1.4037097 | AR4: 1.4508958 | AS4: 1.4325882 | AT4: 1.4395596 | AU4: 1.4164582
A5: =A3+2 -> 1993 | B5: =RCT!C5 -> 1.5809368 | C5: =CT!C5 -> 1.7767813 | D5: =META!C5 -> 1.7648855 | E5: =REVIEW!C5 -> 1.8014413 | F5: =CCJ!C5 -> 1.7737475 | G5: =ALL!C5 -> 1.7661868 | H5: =OBS!C5 -> 0 | I5: =SYSREV!C5 -> 0 | K5: Review | L5: 1.8618292 | M5: 1.9176888 | N5: 1.8505476 | O5: 1.8014413 | P5: 1.9187475 | Q5: 1.8395378 | R5: 1.8377116 | S5: 1.8144464 | T5: 1.8532508 | U5: 1.8636556 | V5: 1.8470373 | W5: 1.8435097 | X5: 1.8040377 | Y5: 1.7976783 | Z5: 1.7756032 | AA5: 1.7867176 | AB5: 1.7878337 | AC5: 1.7623244 | AD5: 1.7410309 | AE5: 1.7697857 | AF5: 1.7370603 | AG5: 1.823948 | AH5: 1.7604697 | AI5: 1.6695248 | AJ5: 1.6577361 | AK5: 1.7059601 | AL5: 1.6489453 | AM5: 1.6030241 | AN5: 1.5761498 | AO5: 1.6224024 | AP5: 1.6001766 | AQ5: 1.6234875 | AR5: 1.629299 | AS5: 1.625681 | AT5: 1.6358674 | AU5: 1.6350829
A6: =A4+2 -> 1994 | B6: =RCT!C6 -> 1.5630537 | C6: =CT!C6 -> 1.7515507 | D6: =META!C6 -> 1.7709795 | E6: =REVIEW!C6 -> 1.9187475 | F6: =CCJ!C6 -> 1.7582094 | G6: =ALL!C6 -> 1.7662383 | H6: =OBS!C6 -> 0 | I6: =SYSREV!C6 -> 0 | K6: Core clinical journal | L6: 1.815362 | M6: 1.8125897 | N6: 1.8022502 | O6: 1.7737475 | P6: 1.7582094 | Q6: 1.7359545 | R6: 1.7414607 | S6: 1.7610279 | T6: 1.7352174 | U6: 1.7281538 | V6: 1.7268893 | W6: 1.7081775 | X6: 1.709684 | Y6: 1.7060733 | Z6: 1.6970124 | AA6: 1.6881544 | AB6: 1.7027805 | AC6: 1.6993294 | AD6: 1.7005441 | AE6: 1.6804864 | AF6: 1.6743306 | AG6: 1.6660252 | AH6: 1.6541343 | AI6: 1.646097 | AJ6: 1.629231 | AK6: 1.6231826 | AL6: 1.6021565 | AM6: 1.5908686 | AN6: 1.5976741 | AO6: 1.5873643 | AP6: 1.5829522 | AQ6: 1.5896165 | AR6: 1.5971832 | AS6: 1.5803857 | AT6: 1.5977026 | AU6: 1.5709339
A7: =A5+2 -> 1995 | B7: =RCT!C7 -> 1.5578467 | C7: =CT!C7 -> 1.7854063 | D7: =META!C7 -> 1.6729574 | E7: =REVIEW!C7 -> 1.8395378 | F7: =CCJ!C7 -> 1.7359545 | G7: =ALL!C7 -> 1.7420949 | H7: =OBS!C7 -> 0 | I7: =SYSREV!C7 -> 2.4336767 | K7: All MEDLINE | L7: 1.8073831 | M7: 1.7966409 | N7: 1.7934802 | O7: 1.7661868 | P7: 1.7662383 | Q7: 1.7420949 | R7: 1.7322305 | S7: 1.7429364 | T7: 1.7213293 | U7: 1.7259122 | V7: 1.7204771 | W7: 1.703445 | X7: 1.6911324 | Y7: 1.6880598 | Z7: 1.6755965 | AA7: 1.669066 | AB7: 1.6717145 | AC7: 1.6731114 | AD7: 1.6719628 | AE7: 1.6680451 | AF7: 1.6544711 | AG7: 1.6541114 | AH7: 1.6417413 | AI7: 1.632648 | AJ7: 1.6281028 | AK7: 1.6294985 | AL7: 1.6098427 | AM7: 1.5924702 | AN7: 1.5873368 | AO7: 1.5879214 | AP7: 1.5838005 | AQ7: 1.5900303 | AR7: 1.5885933 | AS7: 1.5760775 | AT7: 1.5798781 | AU7: 1.5841753
A8: =A6+2 -> 1996 | B8: =RCT!C8 -> 1.5784713 | C8: =CT!C8 -> 1.7232858 | D8: =META!C8 -> 1.5817485 | E8: =REVIEW!C8 -> 1.8377116 | F8: =CCJ!C8 -> 1.7414607 | G8: =ALL!C8 -> 1.7322305 | H8: =OBS!C8 -> 0 | I8: =SYSREV!C8 -> 2.400515 | K8: Observational_Study | L8: 0 | M8: 0 | N8: 0 | O8: 0 | P8: 0 | Q8: 0 | R8: 0 | S8: 0 | T8: 0 | U8: 0 | V8: 0 | W8: 0 | X8: 3 | Y8: 0 | Z8: 0 | AA8: 0 | AB8: 0 | AC8: 0 | AD8: 0 | AE8: 1.548455 | AF8: 1.528995 | AG8: 1.7511448 | AH8: 1.6430874 | AI8: 1.6512465 | AJ8: 1.6595525 | AK8: 1.6418266 | AL8: 1.627553 | AM8: 1.6335436 | AN8: 1.6337582 | AO8: 1.6193575 | AP8: 1.6248213 | AQ8: 1.6299225 | AR8: 1.6341734 | AS8: 1.6242898 | AT8: 1.6087566 | AU8: 1.5826754
A9: =A7+2 -> 1997 | B9: =RCT!C9 -> 1.5624183 | C9: =CT!C9 -> 1.7546894 | D9: =META!C9 -> 1.6508991 | E9: =REVIEW!C9 -> 1.8144464 | F9: =CCJ!C9 -> 1.7610279 | G9: =ALL!C9 -> 1.7429364 | H9: =OBS!C9 -> 0 | I9: =SYSREV!C9 -> 1.7601819 | K9: Systematical_review | L9: 0 | M9: 0 | N9: 0 | O9: 0 | P9: 0 | Q9: 2.4336767 | R9: 2.400515 | S9: 1.7601819 | T9: 2.0653598 | U9: 1.1710343 | V9: 1.7924167 | W9: 1.7639705 | X9: 1.8155081 | Y9: 1.5316565 | Z9: 1.4793375 | AA9: 1.6662187 | AB9: 1.6929992 | AC9: 1.4980338 | AD9: 1.5286923 | AE9: 1.4804976 | AF9: 1.4113135 | AG9: 1.4634605 | AH9: 1.4683387 | AI9: 1.4794681 | AJ9: 1.5071878 | AK9: 1.430765 | AL9: 1.4366758 | AM9: 1.4277863 | AN9: 1.3624122 | AO9: 1.4254919 | AP9: 1.398068 | AQ9: 1.4161172 | AR9: 1.4529612 | AS9: 1.422401 | AT9: 1.4294854 | AU9: 1.4028072
A10: =A8+2 -> 1998 | B10: =RCT!C10 -> 1.552363 | C10: =CT!C10 -> 1.7257979 | D10: =META!C10 -> 1.6124506 | E10: =REVIEW!C10 -> 1.8532508 | F10: =CCJ!C10 -> 1.7352174 | G10: =ALL!C10 -> 1.7213293 | H10: =OBS!C10 -> 0 | I10: =SYSREV!C10 -> 2.0653598
A11: =A9+2 -> 1999 | B11: =RCT!C11 -> 1.5567349 | C11: =CT!C11 -> 1.7347218 | D11: =META!C11 -> 1.8122221 | E11: =REVIEW!C11 -> 1.8636556 | F11: =CCJ!C11 -> 1.7281538 | G11: =ALL!C11 -> 1.7259122 | H11: =OBS!C11 -> 0 | I11: =SYSREV!C11 -> 1.1710343
A12: =A10+2 -> 2000 | B12: =RCT!C12 -> 1.526634 | C12: =CT!C12 -> 1.7526658 | D12: =META!C12 -> 1.7222481 | E12: =REVIEW!C12 -> 1.8470373 | F12: =CCJ!C12 -> 1.7268893 | G12: =ALL!C12 -> 1.7204771 | H12: =OBS!C12 -> 0 | I12: =SYSREV!C12 -> 1.7924167
A13: =A11+2 -> 2001 | B13: =RCT!C13 -> 1.5425209 | C13: =CT!C13 -> 1.6997159 | D13: =META!C13 -> 1.6413965 | E13: =REVIEW!C13 -> 1.8435097 | F13: =CCJ!C13 -> 1.7081775 | G13: =ALL!C13 -> 1.703445 | H13: =OBS!C13 -> 0 | I13: =SYSREV!C13 -> 1.7639705
A14: =A12+2 -> 2002 | B14: =RCT!C14 -> 1.4894749 | C14: =CT!C14 -> 1.7159602 | D14: =META!C14 -> 1.7190514 | E14: =REVIEW!C14 -> 1.8040377 | F14: =CCJ!C14 -> 1.709684 | G14: =ALL!C14 -> 1.6911324 | H14: =OBS!C14 -> 3 | I14: =SYSREV!C14 -> 1.8155081
A15: =A13+2 -> 2003 | B15: =RCT!C15 -> 1.5084651 | C15: =CT!C15 -> 1.7273441 | D15: =META!C15 -> 1.5405694 | E15: =REVIEW!C15 -> 1.7976783 | F15: =CCJ!C15 -> 1.7060733 | G15: =ALL!C15 -> 1.6880598 | H15: =OBS!C15 -> 0 | I15: =SYSREV!C15 -> 1.5316565
A16: =A14+2 -> 2004 | B16: =RCT!C16 -> 1.4840678 | C16: =CT!C16 -> 1.7027069 | D16: =META!C16 -> 1.4855555 | E16: =REVIEW!C16 -> 1.7756032 | F16: =CCJ!C16 -> 1.6970124 | G16: =ALL!C16 -> 1.6755965 | H16: =OBS!C16 -> 0 | I16: =SYSREV!C16 -> 1.4793375
A17: =A15+2 -> 2005 | B17: =RCT!C17 -> 1.4751214 | C17: =CT!C17 -> 1.6977707 | D17: =META!C17 -> 1.5620855 | E17: =REVIEW!C17 -> 1.7867176 | F17: =CCJ!C17 -> 1.6881544 | G17: =ALL!C17 -> 1.669066 | H17: =OBS!C17 -> 0 | I17: =SYSREV!C17 -> 1.6662187
A18: =A16+2 -> 2006 | B18: =RCT!C18 -> 1.4686791 | C18: =CT!C18 -> 1.6723195 | D18: =META!C18 -> 1.583456 | E18: =REVIEW!C18 -> 1.7878337 | F18: =CCJ!C18 -> 1.7027805 | G18: =ALL!C18 -> 1.6717145 | H18: =OBS!C18 -> 0 | I18: =SYSREV!C18 -> 1.6929992
A19: =A17+2 -> 2007 | B19: =RCT!C19 -> 1.4841412 | C19: =CT!C19 -> 1.6512835 | D19: =META!C19 -> 1.4803677 | E19: =REVIEW!C19 -> 1.7623244 | F19: =CCJ!C19 -> 1.6993294 | G19: =ALL!C19 -> 1.6731114 | H19: =OBS!C19 -> 0 | I19: =SYSREV!C19 -> 1.4980338
A20: =A18+2 -> 2008 | B20: =RCT!C20 -> 1.4649132 | C20: =CT!C20 -> 1.6694083 | D20: =META!C20 -> 1.5664993 | E20: =REVIEW!C20 -> 1.7410309 | F20: =CCJ!C20 -> 1.7005441 | G20: =ALL!C20 -> 1.6719628 | H20: =OBS!C20 -> 0 | I20: =SYSREV!C20 -> 1.5286923
A21: =A19+2 -> 2009 | B21: =RCT!C21 -> 1.4434644 | C21: =CT!C21 -> 1.665723 | D21: =META!C21 -> 1.5423267 | E21: =REVIEW!C21 -> 1.7697857 | F21: =CCJ!C21 -> 1.6804864 | G21: =ALL!C21 -> 1.6680451 | H21: =OBS!C21 -> 1.548455 | I21: =SYSREV!C21 -> 1.4804976
... A36: =A34+2 -> 2024 | B36: =RCT!C36 -> 1.3520616 | C36: =CT!C36 -> 1.6141666 | D36: =META!C36 -> 1.4395596 | E36: =REVIEW!C36 -> 1.6358674 | F36: =CCJ!C36 -> 1.5977026 | G36: =ALL!C36 -> 1.5798781 | H36: =OBS!C36 -> 1.6087566 | I36: =SYSREV!C36 -> 1.4294854
A37: 2025 | B37: =RCT!C37 -> 1.3491475 | C37: =CT!C37 -> 1.6940922 | D37: =META!C37 -> 1.4164582 | E37: =REVIEW!C37 -> 1.6350829 | F37: =CCJ!C37 -> 1.5709339 | G37: =ALL!C37 -> 1.5841753 | H37: =OBS!C37 -> 1.5826754 | I37: =SYSREV!C37 -> 1.4028072
